nohup: ignoring input
NiceGUI ready to go on http://localhost:8080, and http://10.201.75.248:8080
'person'
Traceback (most recent call last):
  File "/home/eatonadmin/.local/lib/python3.10/site-packages/nicegui/background_tasks.py", line 52, in _handle_task_result
    task.result()
  File "/home/eatonadmin/.local/lib/python3.10/site-packages/nicegui/page.py", line 125, in wait_for_result
    return await result
  File "/home/eatonadmin/swimrank/SwimRank/MainApp.py", line 541, in graph_page
    name = session['person']['Name']
KeyError: 'person'
Exception in callback <function page.__call__.<locals>.check_for_late_return_value at 0x7d8006e47ac0>
handle: <Handle page.__call__.<locals>.check_for_late_return_value>
Traceback (most recent call last):
  File "uvloop/cbhandles.pyx", line 63, in uvloop.loop.Handle._run
  File "/home/eatonadmin/.local/lib/python3.10/site-packages/nicegui/page.py", line 107, in check_for_late_return_value
    if task.result() is not None:
KeyError: 'person'
No connection after 3.0 seconds
Traceback (most recent call last):
  File "/home/eatonadmin/.local/lib/python3.10/site-packages/nicegui/background_tasks.py", line 52, in _handle_task_result
    task.result()
  File "/home/eatonadmin/.local/lib/python3.10/site-packages/nicegui/page.py", line 125, in wait_for_result
    return await result
  File "/home/eatonadmin/swimrank/SwimRank/MainApp.py", line 538, in graph_page
    await ui.context.client.connected()
  File "/home/eatonadmin/.local/lib/python3.10/site-packages/nicegui/client.py", line 175, in connected
    raise TimeoutError(f'No connection after {timeout} seconds')
TimeoutError: No connection after 3.0 seconds
Exception in callback <function page.__call__.<locals>.check_for_late_return_value at 0x7d8006e47ac0>
handle: <Handle page.__call__.<locals>.check_for_late_return_value>
Traceback (most recent call last):
  File "uvloop/cbhandles.pyx", line 63, in uvloop.loop.Handle._run
  File "/home/eatonadmin/.local/lib/python3.10/site-packages/nicegui/page.py", line 107, in check_for_late_return_value
    if task.result() is not None:
TimeoutError: No connection after 3.0 seconds
No connection after 3.0 seconds
Traceback (most recent call last):
  File "/home/eatonadmin/.local/lib/python3.10/site-packages/nicegui/background_tasks.py", line 52, in _handle_task_result
    task.result()
  File "/home/eatonadmin/.local/lib/python3.10/site-packages/nicegui/page.py", line 125, in wait_for_result
    return await result
  File "/home/eatonadmin/swimrank/SwimRank/MainApp.py", line 613, in main_page
    await ui.context.client.connected()
  File "/home/eatonadmin/.local/lib/python3.10/site-packages/nicegui/client.py", line 175, in connected
    raise TimeoutError(f'No connection after {timeout} seconds')
TimeoutError: No connection after 3.0 seconds
Exception in callback <function page.__call__.<locals>.check_for_late_return_value at 0x7d8014510b80>
handle: <Handle page.__call__.<locals>.check_for_late_return_value>
Traceback (most recent call last):
  File "uvloop/cbhandles.pyx", line 63, in uvloop.loop.Handle._run
  File "/home/eatonadmin/.local/lib/python3.10/site-packages/nicegui/page.py", line 107, in check_for_late_return_value
    if task.result() is not None:
TimeoutError: No connection after 3.0 seconds
No connection after 3.0 seconds
Traceback (most recent call last):
  File "/home/eatonadmin/.local/lib/python3.10/site-packages/nicegui/background_tasks.py", line 52, in _handle_task_result
    task.result()
  File "/home/eatonadmin/.local/lib/python3.10/site-packages/nicegui/page.py", line 125, in wait_for_result
    return await result
  File "/home/eatonadmin/swimrank/SwimRank/MainApp.py", line 538, in graph_page
    await ui.context.client.connected()
  File "/home/eatonadmin/.local/lib/python3.10/site-packages/nicegui/client.py", line 175, in connected
    raise TimeoutError(f'No connection after {timeout} seconds')
TimeoutError: No connection after 3.0 seconds
Exception in callback <function page.__call__.<locals>.check_for_late_return_value at 0x7d8006e47ac0>
handle: <Handle page.__call__.<locals>.check_for_late_return_value>
Traceback (most recent call last):
  File "uvloop/cbhandles.pyx", line 63, in uvloop.loop.Handle._run
  File "/home/eatonadmin/.local/lib/python3.10/site-packages/nicegui/page.py", line 107, in check_for_late_return_value
    if task.result() is not None:
TimeoutError: No connection after 3.0 seconds
No connection after 3.0 seconds
Traceback (most recent call last):
  File "/home/eatonadmin/.local/lib/python3.10/site-packages/nicegui/background_tasks.py", line 52, in _handle_task_result
    task.result()
  File "/home/eatonadmin/.local/lib/python3.10/site-packages/nicegui/page.py", line 125, in wait_for_result
    return await result
  File "/home/eatonadmin/swimrank/SwimRank/MainApp.py", line 538, in graph_page
    await ui.context.client.connected()
  File "/home/eatonadmin/.local/lib/python3.10/site-packages/nicegui/client.py", line 175, in connected
    raise TimeoutError(f'No connection after {timeout} seconds')
TimeoutError: No connection after 3.0 seconds
Exception in callback <function page.__call__.<locals>.check_for_late_return_value at 0x7d8006e47ac0>
handle: <Handle page.__call__.<locals>.check_for_late_return_value>
Traceback (most recent call last):
  File "uvloop/cbhandles.pyx", line 63, in uvloop.loop.Handle._run
  File "/home/eatonadmin/.local/lib/python3.10/site-packages/nicegui/page.py", line 107, in check_for_late_return_value
    if task.result() is not None:
TimeoutError: No connection after 3.0 seconds
No connection after 3.0 seconds
Traceback (most recent call last):
  File "/home/eatonadmin/.local/lib/python3.10/site-packages/nicegui/background_tasks.py", line 52, in _handle_task_result
    task.result()
  File "/home/eatonadmin/.local/lib/python3.10/site-packages/nicegui/page.py", line 125, in wait_for_result
    return await result
  File "/home/eatonadmin/swimrank/SwimRank/MainApp.py", line 538, in graph_page
    await ui.context.client.connected()
  File "/home/eatonadmin/.local/lib/python3.10/site-packages/nicegui/client.py", line 175, in connected
    raise TimeoutError(f'No connection after {timeout} seconds')
TimeoutError: No connection after 3.0 seconds
Exception in callback <function page.__call__.<locals>.check_for_late_return_value at 0x7d8006e47ac0>
handle: <Handle page.__call__.<locals>.check_for_late_return_value>
Traceback (most recent call last):
  File "uvloop/cbhandles.pyx", line 63, in uvloop.loop.Handle._run
  File "/home/eatonadmin/.local/lib/python3.10/site-packages/nicegui/page.py", line 107, in check_for_late_return_value
    if task.result() is not None:
TimeoutError: No connection after 3.0 seconds
No connection after 3.0 seconds
Traceback (most recent call last):
  File "/home/eatonadmin/.local/lib/python3.10/site-packages/nicegui/background_tasks.py", line 52, in _handle_task_result
    task.result()
  File "/home/eatonadmin/.local/lib/python3.10/site-packages/nicegui/page.py", line 125, in wait_for_result
    return await result
  File "/home/eatonadmin/swimrank/SwimRank/MainApp.py", line 613, in main_page
    await ui.context.client.connected()
  File "/home/eatonadmin/.local/lib/python3.10/site-packages/nicegui/client.py", line 175, in connected
    raise TimeoutError(f'No connection after {timeout} seconds')
TimeoutError: No connection after 3.0 seconds
Exception in callback <function page.__call__.<locals>.check_for_late_return_value at 0x7d8014510b80>
handle: <Handle page.__call__.<locals>.check_for_late_return_value>
Traceback (most recent call last):
  File "uvloop/cbhandles.pyx", line 63, in uvloop.loop.Handle._run
  File "/home/eatonadmin/.local/lib/python3.10/site-packages/nicegui/page.py", line 107, in check_for_late_return_value
    if task.result() is not None:
TimeoutError: No connection after 3.0 seconds
No connection after 3.0 seconds
Traceback (most recent call last):
  File "/home/eatonadmin/.local/lib/python3.10/site-packages/nicegui/background_tasks.py", line 52, in _handle_task_result
    task.result()
  File "/home/eatonadmin/.local/lib/python3.10/site-packages/nicegui/page.py", line 125, in wait_for_result
    return await result
  File "/home/eatonadmin/swimrank/SwimRank/MainApp.py", line 613, in main_page
    await ui.context.client.connected()
  File "/home/eatonadmin/.local/lib/python3.10/site-packages/nicegui/client.py", line 175, in connected
    raise TimeoutError(f'No connection after {timeout} seconds')
TimeoutError: No connection after 3.0 seconds
Exception in callback <function page.__call__.<locals>.check_for_late_return_value at 0x7d8014510b80>
handle: <Handle page.__call__.<locals>.check_for_late_return_value>
Traceback (most recent call last):
  File "uvloop/cbhandles.pyx", line 63, in uvloop.loop.Handle._run
  File "/home/eatonadmin/.local/lib/python3.10/site-packages/nicegui/page.py", line 107, in check_for_late_return_value
    if task.result() is not None:
TimeoutError: No connection after 3.0 seconds
No connection after 3.0 seconds
Traceback (most recent call last):
  File "/home/eatonadmin/.local/lib/python3.10/site-packages/nicegui/background_tasks.py", line 52, in _handle_task_result
    task.result()
  File "/home/eatonadmin/.local/lib/python3.10/site-packages/nicegui/page.py", line 125, in wait_for_result
    return await result
  File "/home/eatonadmin/swimrank/SwimRank/MainApp.py", line 613, in main_page
    await ui.context.client.connected()
  File "/home/eatonadmin/.local/lib/python3.10/site-packages/nicegui/client.py", line 175, in connected
    raise TimeoutError(f'No connection after {timeout} seconds')
TimeoutError: No connection after 3.0 seconds
Exception in callback <function page.__call__.<locals>.check_for_late_return_value at 0x7d8014510b80>
handle: <Handle page.__call__.<locals>.check_for_late_return_value>
Traceback (most recent call last):
  File "uvloop/cbhandles.pyx", line 63, in uvloop.loop.Handle._run
  File "/home/eatonadmin/.local/lib/python3.10/site-packages/nicegui/page.py", line 107, in check_for_late_return_value
    if task.result() is not None:
TimeoutError: No connection after 3.0 seconds
'person'
Traceback (most recent call last):
  File "/home/eatonadmin/.local/lib/python3.10/site-packages/nicegui/background_tasks.py", line 52, in _handle_task_result
    task.result()
  File "/home/eatonadmin/.local/lib/python3.10/site-packages/nicegui/page.py", line 125, in wait_for_result
    return await result
  File "/home/eatonadmin/swimrank/SwimRank/MainApp.py", line 541, in graph_page
    name = session['person']['Name']
KeyError: 'person'
Exception in callback <function page.__call__.<locals>.check_for_late_return_value at 0x7d8006e47ac0>
handle: <Handle page.__call__.<locals>.check_for_late_return_value>
Traceback (most recent call last):
  File "uvloop/cbhandles.pyx", line 63, in uvloop.loop.Handle._run
  File "/home/eatonadmin/.local/lib/python3.10/site-packages/nicegui/page.py", line 107, in check_for_late_return_value
    if task.result() is not None:
KeyError: 'person'
No connection after 3.0 seconds
Traceback (most recent call last):
  File "/home/eatonadmin/.local/lib/python3.10/site-packages/nicegui/background_tasks.py", line 52, in _handle_task_result
    task.result()
  File "/home/eatonadmin/.local/lib/python3.10/site-packages/nicegui/page.py", line 125, in wait_for_result
    return await result
  File "/home/eatonadmin/swimrank/SwimRank/MainApp.py", line 613, in main_page
    await ui.context.client.connected()
  File "/home/eatonadmin/.local/lib/python3.10/site-packages/nicegui/client.py", line 175, in connected
    raise TimeoutError(f'No connection after {timeout} seconds')
TimeoutError: No connection after 3.0 seconds
Exception in callback <function page.__call__.<locals>.check_for_late_return_value at 0x7d8014510b80>
handle: <Handle page.__call__.<locals>.check_for_late_return_value>
Traceback (most recent call last):
  File "uvloop/cbhandles.pyx", line 63, in uvloop.loop.Handle._run
  File "/home/eatonadmin/.local/lib/python3.10/site-packages/nicegui/page.py", line 107, in check_for_late_return_value
    if task.result() is not None:
TimeoutError: No connection after 3.0 seconds
No connection after 3.0 seconds
Traceback (most recent call last):
  File "/home/eatonadmin/.local/lib/python3.10/site-packages/nicegui/background_tasks.py", line 52, in _handle_task_result
    task.result()
  File "/home/eatonadmin/.local/lib/python3.10/site-packages/nicegui/page.py", line 125, in wait_for_result
    return await result
  File "/home/eatonadmin/swimrank/SwimRank/MainApp.py", line 613, in main_page
    await ui.context.client.connected()
  File "/home/eatonadmin/.local/lib/python3.10/site-packages/nicegui/client.py", line 175, in connected
    raise TimeoutError(f'No connection after {timeout} seconds')
TimeoutError: No connection after 3.0 seconds
Exception in callback <function page.__call__.<locals>.check_for_late_return_value at 0x7d8014510b80>
handle: <Handle page.__call__.<locals>.check_for_late_return_value>
Traceback (most recent call last):
  File "uvloop/cbhandles.pyx", line 63, in uvloop.loop.Handle._run
  File "/home/eatonadmin/.local/lib/python3.10/site-packages/nicegui/page.py", line 107, in check_for_late_return_value
    if task.result() is not None:
TimeoutError: No connection after 3.0 seconds
http://www.swimmingrank.org/robots.txt not found
No connection after 3.0 seconds
Traceback (most recent call last):
  File "/home/eatonadmin/.local/lib/python3.10/site-packages/nicegui/background_tasks.py", line 52, in _handle_task_result
    task.result()
  File "/home/eatonadmin/.local/lib/python3.10/site-packages/nicegui/page.py", line 125, in wait_for_result
    return await result
  File "/home/eatonadmin/swimrank/SwimRank/MainApp.py", line 613, in main_page
    await ui.context.client.connected()
  File "/home/eatonadmin/.local/lib/python3.10/site-packages/nicegui/client.py", line 175, in connected
    raise TimeoutError(f'No connection after {timeout} seconds')
TimeoutError: No connection after 3.0 seconds
Exception in callback <function page.__call__.<locals>.check_for_late_return_value at 0x7d8014510b80>
handle: <Handle page.__call__.<locals>.check_for_late_return_value>
Traceback (most recent call last):
  File "uvloop/cbhandles.pyx", line 63, in uvloop.loop.Handle._run
  File "/home/eatonadmin/.local/lib/python3.10/site-packages/nicegui/page.py", line 107, in check_for_late_return_value
    if task.result() is not None:
TimeoutError: No connection after 3.0 seconds
No connection after 3.0 seconds
Traceback (most recent call last):
  File "/home/eatonadmin/.local/lib/python3.10/site-packages/nicegui/background_tasks.py", line 52, in _handle_task_result
    task.result()
  File "/home/eatonadmin/.local/lib/python3.10/site-packages/nicegui/page.py", line 125, in wait_for_result
    return await result
  File "/home/eatonadmin/swimrank/SwimRank/MainApp.py", line 613, in main_page
    await ui.context.client.connected()
  File "/home/eatonadmin/.local/lib/python3.10/site-packages/nicegui/client.py", line 175, in connected
    raise TimeoutError(f'No connection after {timeout} seconds')
TimeoutError: No connection after 3.0 seconds
Exception in callback <function page.__call__.<locals>.check_for_late_return_value at 0x7d8014510b80>
handle: <Handle page.__call__.<locals>.check_for_late_return_value>
Traceback (most recent call last):
  File "uvloop/cbhandles.pyx", line 63, in uvloop.loop.Handle._run
  File "/home/eatonadmin/.local/lib/python3.10/site-packages/nicegui/page.py", line 107, in check_for_late_return_value
    if task.result() is not None:
TimeoutError: No connection after 3.0 seconds
WARNING:  Invalid HTTP request received.
No connection after 3.0 seconds
Traceback (most recent call last):
  File "/home/eatonadmin/.local/lib/python3.10/site-packages/nicegui/background_tasks.py", line 52, in _handle_task_result
    task.result()
  File "/home/eatonadmin/.local/lib/python3.10/site-packages/nicegui/page.py", line 125, in wait_for_result
    return await result
  File "/home/eatonadmin/swimrank/SwimRank/MainApp.py", line 613, in main_page
    await ui.context.client.connected()
  File "/home/eatonadmin/.local/lib/python3.10/site-packages/nicegui/client.py", line 175, in connected
    raise TimeoutError(f'No connection after {timeout} seconds')
TimeoutError: No connection after 3.0 seconds
Exception in callback <function page.__call__.<locals>.check_for_late_return_value at 0x7d8014510b80>
handle: <Handle page.__call__.<locals>.check_for_late_return_value>
Traceback (most recent call last):
  File "uvloop/cbhandles.pyx", line 63, in uvloop.loop.Handle._run
  File "/home/eatonadmin/.local/lib/python3.10/site-packages/nicegui/page.py", line 107, in check_for_late_return_value
    if task.result() is not None:
TimeoutError: No connection after 3.0 seconds
No connection after 3.0 seconds
Traceback (most recent call last):
  File "/home/eatonadmin/.local/lib/python3.10/site-packages/nicegui/background_tasks.py", line 52, in _handle_task_result
    task.result()
  File "/home/eatonadmin/.local/lib/python3.10/site-packages/nicegui/page.py", line 125, in wait_for_result
    return await result
  File "/home/eatonadmin/swimrank/SwimRank/MainApp.py", line 613, in main_page
    await ui.context.client.connected()
  File "/home/eatonadmin/.local/lib/python3.10/site-packages/nicegui/client.py", line 175, in connected
    raise TimeoutError(f'No connection after {timeout} seconds')
TimeoutError: No connection after 3.0 seconds
Exception in callback <function page.__call__.<locals>.check_for_late_return_value at 0x7d8014510b80>
handle: <Handle page.__call__.<locals>.check_for_late_return_value>
Traceback (most recent call last):
  File "uvloop/cbhandles.pyx", line 63, in uvloop.loop.Handle._run
  File "/home/eatonadmin/.local/lib/python3.10/site-packages/nicegui/page.py", line 107, in check_for_late_return_value
    if task.result() is not None:
TimeoutError: No connection after 3.0 seconds
WARNING:  Invalid HTTP request received.
WARNING:  Invalid HTTP request received.
http://172.190.139.8/robots.txt not found
No connection after 3.0 seconds
Traceback (most recent call last):
  File "/home/eatonadmin/.local/lib/python3.10/site-packages/nicegui/background_tasks.py", line 52, in _handle_task_result
    task.result()
  File "/home/eatonadmin/.local/lib/python3.10/site-packages/nicegui/page.py", line 125, in wait_for_result
    return await result
  File "/home/eatonadmin/swimrank/SwimRank/MainApp.py", line 613, in main_page
    await ui.context.client.connected()
  File "/home/eatonadmin/.local/lib/python3.10/site-packages/nicegui/client.py", line 175, in connected
    raise TimeoutError(f'No connection after {timeout} seconds')
TimeoutError: No connection after 3.0 seconds
Exception in callback <function page.__call__.<locals>.check_for_late_return_value at 0x7d8014510b80>
handle: <Handle page.__call__.<locals>.check_for_late_return_value>
Traceback (most recent call last):
  File "uvloop/cbhandles.pyx", line 63, in uvloop.loop.Handle._run
  File "/home/eatonadmin/.local/lib/python3.10/site-packages/nicegui/page.py", line 107, in check_for_late_return_value
    if task.result() is not None:
TimeoutError: No connection after 3.0 seconds
http://ip-api.com/json/ not found
No connection after 3.0 seconds
Traceback (most recent call last):
  File "/home/eatonadmin/.local/lib/python3.10/site-packages/nicegui/background_tasks.py", line 52, in _handle_task_result
    task.result()
  File "/home/eatonadmin/.local/lib/python3.10/site-packages/nicegui/page.py", line 125, in wait_for_result
    return await result
  File "/home/eatonadmin/swimrank/SwimRank/MainApp.py", line 613, in main_page
    await ui.context.client.connected()
  File "/home/eatonadmin/.local/lib/python3.10/site-packages/nicegui/client.py", line 175, in connected
    raise TimeoutError(f'No connection after {timeout} seconds')
TimeoutError: No connection after 3.0 seconds
Exception in callback <function page.__call__.<locals>.check_for_late_return_value at 0x7d8014510b80>
handle: <Handle page.__call__.<locals>.check_for_late_return_value>
Traceback (most recent call last):
  File "uvloop/cbhandles.pyx", line 63, in uvloop.loop.Handle._run
  File "/home/eatonadmin/.local/lib/python3.10/site-packages/nicegui/page.py", line 107, in check_for_late_return_value
    if task.result() is not None:
TimeoutError: No connection after 3.0 seconds
No connection after 3.0 seconds
Traceback (most recent call last):
  File "/home/eatonadmin/.local/lib/python3.10/site-packages/nicegui/background_tasks.py", line 52, in _handle_task_result
    task.result()
  File "/home/eatonadmin/.local/lib/python3.10/site-packages/nicegui/page.py", line 125, in wait_for_result
    return await result
  File "/home/eatonadmin/swimrank/SwimRank/MainApp.py", line 613, in main_page
    await ui.context.client.connected()
  File "/home/eatonadmin/.local/lib/python3.10/site-packages/nicegui/client.py", line 175, in connected
    raise TimeoutError(f'No connection after {timeout} seconds')
TimeoutError: No connection after 3.0 seconds
Exception in callback <function page.__call__.<locals>.check_for_late_return_value at 0x7d8014510b80>
handle: <Handle page.__call__.<locals>.check_for_late_return_value>
Traceback (most recent call last):
  File "uvloop/cbhandles.pyx", line 63, in uvloop.loop.Handle._run
  File "/home/eatonadmin/.local/lib/python3.10/site-packages/nicegui/page.py", line 107, in check_for_late_return_value
    if task.result() is not None:
TimeoutError: No connection after 3.0 seconds
https://www.swimmingrank.org/robots.txt not found
No connection after 3.0 seconds
Traceback (most recent call last):
  File "/home/eatonadmin/.local/lib/python3.10/site-packages/nicegui/background_tasks.py", line 52, in _handle_task_result
    task.result()
  File "/home/eatonadmin/.local/lib/python3.10/site-packages/nicegui/page.py", line 125, in wait_for_result
    return await result
  File "/home/eatonadmin/swimrank/SwimRank/MainApp.py", line 613, in main_page
    await ui.context.client.connected()
  File "/home/eatonadmin/.local/lib/python3.10/site-packages/nicegui/client.py", line 175, in connected
    raise TimeoutError(f'No connection after {timeout} seconds')
TimeoutError: No connection after 3.0 seconds
Exception in callback <function page.__call__.<locals>.check_for_late_return_value at 0x7d8014510b80>
handle: <Handle page.__call__.<locals>.check_for_late_return_value>
Traceback (most recent call last):
  File "uvloop/cbhandles.pyx", line 63, in uvloop.loop.Handle._run
  File "/home/eatonadmin/.local/lib/python3.10/site-packages/nicegui/page.py", line 107, in check_for_late_return_value
    if task.result() is not None:
TimeoutError: No connection after 3.0 seconds
No connection after 3.0 seconds
Traceback (most recent call last):
  File "/home/eatonadmin/.local/lib/python3.10/site-packages/nicegui/background_tasks.py", line 52, in _handle_task_result
    task.result()
  File "/home/eatonadmin/.local/lib/python3.10/site-packages/nicegui/page.py", line 125, in wait_for_result
    return await result
  File "/home/eatonadmin/swimrank/SwimRank/MainApp.py", line 613, in main_page
    await ui.context.client.connected()
  File "/home/eatonadmin/.local/lib/python3.10/site-packages/nicegui/client.py", line 175, in connected
    raise TimeoutError(f'No connection after {timeout} seconds')
TimeoutError: No connection after 3.0 seconds
Exception in callback <function page.__call__.<locals>.check_for_late_return_value at 0x7d8014510b80>
handle: <Handle page.__call__.<locals>.check_for_late_return_value>
Traceback (most recent call last):
  File "uvloop/cbhandles.pyx", line 63, in uvloop.loop.Handle._run
  File "/home/eatonadmin/.local/lib/python3.10/site-packages/nicegui/page.py", line 107, in check_for_late_return_value
    if task.result() is not None:
TimeoutError: No connection after 3.0 seconds
No connection after 3.0 seconds
Traceback (most recent call last):
  File "/home/eatonadmin/.local/lib/python3.10/site-packages/nicegui/background_tasks.py", line 52, in _handle_task_result
    task.result()
  File "/home/eatonadmin/.local/lib/python3.10/site-packages/nicegui/page.py", line 125, in wait_for_result
    return await result
  File "/home/eatonadmin/swimrank/SwimRank/MainApp.py", line 613, in main_page
    await ui.context.client.connected()
  File "/home/eatonadmin/.local/lib/python3.10/site-packages/nicegui/client.py", line 175, in connected
    raise TimeoutError(f'No connection after {timeout} seconds')
TimeoutError: No connection after 3.0 seconds
Exception in callback <function page.__call__.<locals>.check_for_late_return_value at 0x7d8014510b80>
handle: <Handle page.__call__.<locals>.check_for_late_return_value>
Traceback (most recent call last):
  File "uvloop/cbhandles.pyx", line 63, in uvloop.loop.Handle._run
  File "/home/eatonadmin/.local/lib/python3.10/site-packages/nicegui/page.py", line 107, in check_for_late_return_value
    if task.result() is not None:
TimeoutError: No connection after 3.0 seconds
No connection after 3.0 seconds
Traceback (most recent call last):
  File "/home/eatonadmin/.local/lib/python3.10/site-packages/nicegui/background_tasks.py", line 52, in _handle_task_result
    task.result()
  File "/home/eatonadmin/.local/lib/python3.10/site-packages/nicegui/page.py", line 125, in wait_for_result
    return await result
  File "/home/eatonadmin/swimrank/SwimRank/MainApp.py", line 613, in main_page
    await ui.context.client.connected()
  File "/home/eatonadmin/.local/lib/python3.10/site-packages/nicegui/client.py", line 175, in connected
    raise TimeoutError(f'No connection after {timeout} seconds')
TimeoutError: No connection after 3.0 seconds
Exception in callback <function page.__call__.<locals>.check_for_late_return_value at 0x7d8014510b80>
handle: <Handle page.__call__.<locals>.check_for_late_return_value>
Traceback (most recent call last):
  File "uvloop/cbhandles.pyx", line 63, in uvloop.loop.Handle._run
  File "/home/eatonadmin/.local/lib/python3.10/site-packages/nicegui/page.py", line 107, in check_for_late_return_value
    if task.result() is not None:
TimeoutError: No connection after 3.0 seconds
No connection after 3.0 seconds
Traceback (most recent call last):
  File "/home/eatonadmin/.local/lib/python3.10/site-packages/nicegui/background_tasks.py", line 52, in _handle_task_result
    task.result()
  File "/home/eatonadmin/.local/lib/python3.10/site-packages/nicegui/page.py", line 125, in wait_for_result
    return await result
  File "/home/eatonadmin/swimrank/SwimRank/MainApp.py", line 613, in main_page
    await ui.context.client.connected()
  File "/home/eatonadmin/.local/lib/python3.10/site-packages/nicegui/client.py", line 175, in connected
    raise TimeoutError(f'No connection after {timeout} seconds')
TimeoutError: No connection after 3.0 seconds
Exception in callback <function page.__call__.<locals>.check_for_late_return_value at 0x7d8014510b80>
handle: <Handle page.__call__.<locals>.check_for_late_return_value>
Traceback (most recent call last):
  File "uvloop/cbhandles.pyx", line 63, in uvloop.loop.Handle._run
  File "/home/eatonadmin/.local/lib/python3.10/site-packages/nicegui/page.py", line 107, in check_for_late_return_value
    if task.result() is not None:
TimeoutError: No connection after 3.0 seconds
No connection after 3.0 seconds
Traceback (most recent call last):
  File "/home/eatonadmin/.local/lib/python3.10/site-packages/nicegui/background_tasks.py", line 52, in _handle_task_result
    task.result()
  File "/home/eatonadmin/.local/lib/python3.10/site-packages/nicegui/page.py", line 125, in wait_for_result
    return await result
  File "/home/eatonadmin/swimrank/SwimRank/MainApp.py", line 613, in main_page
    await ui.context.client.connected()
  File "/home/eatonadmin/.local/lib/python3.10/site-packages/nicegui/client.py", line 175, in connected
    raise TimeoutError(f'No connection after {timeout} seconds')
TimeoutError: No connection after 3.0 seconds
Exception in callback <function page.__call__.<locals>.check_for_late_return_value at 0x7d8014510b80>
handle: <Handle page.__call__.<locals>.check_for_late_return_value>
Traceback (most recent call last):
  File "uvloop/cbhandles.pyx", line 63, in uvloop.loop.Handle._run
  File "/home/eatonadmin/.local/lib/python3.10/site-packages/nicegui/page.py", line 107, in check_for_late_return_value
    if task.result() is not None:
TimeoutError: No connection after 3.0 seconds
No connection after 3.0 seconds
Traceback (most recent call last):
  File "/home/eatonadmin/.local/lib/python3.10/site-packages/nicegui/background_tasks.py", line 52, in _handle_task_result
    task.result()
  File "/home/eatonadmin/.local/lib/python3.10/site-packages/nicegui/page.py", line 125, in wait_for_result
    return await result
  File "/home/eatonadmin/swimrank/SwimRank/MainApp.py", line 613, in main_page
    await ui.context.client.connected()
  File "/home/eatonadmin/.local/lib/python3.10/site-packages/nicegui/client.py", line 175, in connected
    raise TimeoutError(f'No connection after {timeout} seconds')
TimeoutError: No connection after 3.0 seconds
Exception in callback <function page.__call__.<locals>.check_for_late_return_value at 0x7d8014510b80>
handle: <Handle page.__call__.<locals>.check_for_late_return_value>
Traceback (most recent call last):
  File "uvloop/cbhandles.pyx", line 63, in uvloop.loop.Handle._run
  File "/home/eatonadmin/.local/lib/python3.10/site-packages/nicegui/page.py", line 107, in check_for_late_return_value
    if task.result() is not None:
TimeoutError: No connection after 3.0 seconds
No connection after 3.0 seconds
Traceback (most recent call last):
  File "/home/eatonadmin/.local/lib/python3.10/site-packages/nicegui/background_tasks.py", line 52, in _handle_task_result
    task.result()
  File "/home/eatonadmin/.local/lib/python3.10/site-packages/nicegui/page.py", line 125, in wait_for_result
    return await result
  File "/home/eatonadmin/swimrank/SwimRank/MainApp.py", line 613, in main_page
    await ui.context.client.connected()
  File "/home/eatonadmin/.local/lib/python3.10/site-packages/nicegui/client.py", line 175, in connected
    raise TimeoutError(f'No connection after {timeout} seconds')
TimeoutError: No connection after 3.0 seconds
Exception in callback <function page.__call__.<locals>.check_for_late_return_value at 0x7d8014510b80>
handle: <Handle page.__call__.<locals>.check_for_late_return_value>
Traceback (most recent call last):
  File "uvloop/cbhandles.pyx", line 63, in uvloop.loop.Handle._run
  File "/home/eatonadmin/.local/lib/python3.10/site-packages/nicegui/page.py", line 107, in check_for_late_return_value
    if task.result() is not None:
TimeoutError: No connection after 3.0 seconds
No connection after 3.0 seconds
Traceback (most recent call last):
  File "/home/eatonadmin/.local/lib/python3.10/site-packages/nicegui/background_tasks.py", line 52, in _handle_task_result
    task.result()
  File "/home/eatonadmin/.local/lib/python3.10/site-packages/nicegui/page.py", line 125, in wait_for_result
    return await result
  File "/home/eatonadmin/swimrank/SwimRank/MainApp.py", line 613, in main_page
    await ui.context.client.connected()
  File "/home/eatonadmin/.local/lib/python3.10/site-packages/nicegui/client.py", line 175, in connected
    raise TimeoutError(f'No connection after {timeout} seconds')
TimeoutError: No connection after 3.0 seconds
Exception in callback <function page.__call__.<locals>.check_for_late_return_value at 0x7d8014510b80>
handle: <Handle page.__call__.<locals>.check_for_late_return_value>
Traceback (most recent call last):
  File "uvloop/cbhandles.pyx", line 63, in uvloop.loop.Handle._run
  File "/home/eatonadmin/.local/lib/python3.10/site-packages/nicegui/page.py", line 107, in check_for_late_return_value
    if task.result() is not None:
TimeoutError: No connection after 3.0 seconds
No connection after 3.0 seconds
Traceback (most recent call last):
  File "/home/eatonadmin/.local/lib/python3.10/site-packages/nicegui/background_tasks.py", line 52, in _handle_task_result
    task.result()
  File "/home/eatonadmin/.local/lib/python3.10/site-packages/nicegui/page.py", line 125, in wait_for_result
    return await result
  File "/home/eatonadmin/swimrank/SwimRank/MainApp.py", line 613, in main_page
    await ui.context.client.connected()
  File "/home/eatonadmin/.local/lib/python3.10/site-packages/nicegui/client.py", line 175, in connected
    raise TimeoutError(f'No connection after {timeout} seconds')
TimeoutError: No connection after 3.0 seconds
Exception in callback <function page.__call__.<locals>.check_for_late_return_value at 0x7d8014510b80>
handle: <Handle page.__call__.<locals>.check_for_late_return_value>
Traceback (most recent call last):
  File "uvloop/cbhandles.pyx", line 63, in uvloop.loop.Handle._run
  File "/home/eatonadmin/.local/lib/python3.10/site-packages/nicegui/page.py", line 107, in check_for_late_return_value
    if task.result() is not None:
TimeoutError: No connection after 3.0 seconds
division by zero
Traceback (most recent call last):
  File "/home/eatonadmin/.local/lib/python3.10/site-packages/nicegui/background_tasks.py", line 52, in _handle_task_result
    task.result()
  File "/home/eatonadmin/.local/lib/python3.10/site-packages/nicegui/page.py", line 125, in wait_for_result
    return await result
  File "/home/eatonadmin/swimrank/SwimRank/MainApp.py", line 609, in graph_page
    await display_event_data(first_non_empty_event, first_non_empty_event_df)
  File "/home/eatonadmin/swimrank/SwimRank/MainApp.py", line 500, in display_event_data
    await update_ncaa_comparison_table(e)
  File "/home/eatonadmin/swimrank/SwimRank/MainApp.py", line 399, in update_ncaa_comparison_table
    session['ncaa_comparisons'] = await fetch_ncaa_comp_data(str_to_timedelta(session['current_event_besttime'].strip('r')).total_seconds(), session['person']['Sex'], event)
  File "/home/eatonadmin/swimrank/SwimRank/MainApp.py", line 241, in fetch_ncaa_comp_data
    rows = await con.fetch(query)
  File "/home/eatonadmin/.local/lib/python3.10/site-packages/asyncpg/connection.py", line 690, in fetch
    return await self._execute(
  File "/home/eatonadmin/.local/lib/python3.10/site-packages/asyncpg/connection.py", line 1864, in _execute
    result, _ = await self.__execute(
  File "/home/eatonadmin/.local/lib/python3.10/site-packages/asyncpg/connection.py", line 1961, in __execute
    result, stmt = await self._do_execute(
  File "/home/eatonadmin/.local/lib/python3.10/site-packages/asyncpg/connection.py", line 2024, in _do_execute
    result = await executor(stmt, None)
  File "asyncpg/protocol/protocol.pyx", line 206, in bind_execute
asyncpg.exceptions.DivisionByZeroError: division by zero
Exception in callback <function page.__call__.<locals>.check_for_late_return_value at 0x7d8006e47ac0>
handle: <Handle page.__call__.<locals>.check_for_late_return_value>
Traceback (most recent call last):
  File "uvloop/cbhandles.pyx", line 63, in uvloop.loop.Handle._run
  File "/home/eatonadmin/.local/lib/python3.10/site-packages/nicegui/page.py", line 107, in check_for_late_return_value
    if task.result() is not None:
asyncpg.exceptions.DivisionByZeroError: division by zero
division by zero
Traceback (most recent call last):
  File "/home/eatonadmin/.local/lib/python3.10/site-packages/nicegui/events.py", line 438, in wait_for_result
    await result
  File "/home/eatonadmin/swimrank/SwimRank/MainApp.py", line 500, in display_event_data
    await update_ncaa_comparison_table(e)
  File "/home/eatonadmin/swimrank/SwimRank/MainApp.py", line 399, in update_ncaa_comparison_table
    session['ncaa_comparisons'] = await fetch_ncaa_comp_data(str_to_timedelta(session['current_event_besttime'].strip('r')).total_seconds(), session['person']['Sex'], event)
  File "/home/eatonadmin/swimrank/SwimRank/MainApp.py", line 241, in fetch_ncaa_comp_data
    rows = await con.fetch(query)
  File "/home/eatonadmin/.local/lib/python3.10/site-packages/asyncpg/connection.py", line 690, in fetch
    return await self._execute(
  File "/home/eatonadmin/.local/lib/python3.10/site-packages/asyncpg/connection.py", line 1864, in _execute
    result, _ = await self.__execute(
  File "/home/eatonadmin/.local/lib/python3.10/site-packages/asyncpg/connection.py", line 1961, in __execute
    result, stmt = await self._do_execute(
  File "/home/eatonadmin/.local/lib/python3.10/site-packages/asyncpg/connection.py", line 2024, in _do_execute
    result = await executor(stmt, None)
  File "asyncpg/protocol/protocol.pyx", line 206, in bind_execute
asyncpg.exceptions.DivisionByZeroError: division by zero
division by zero
Traceback (most recent call last):
  File "/home/eatonadmin/.local/lib/python3.10/site-packages/nicegui/events.py", line 438, in wait_for_result
    await result
  File "/home/eatonadmin/swimrank/SwimRank/MainApp.py", line 500, in display_event_data
    await update_ncaa_comparison_table(e)
  File "/home/eatonadmin/swimrank/SwimRank/MainApp.py", line 399, in update_ncaa_comparison_table
    session['ncaa_comparisons'] = await fetch_ncaa_comp_data(str_to_timedelta(session['current_event_besttime'].strip('r')).total_seconds(), session['person']['Sex'], event)
  File "/home/eatonadmin/swimrank/SwimRank/MainApp.py", line 241, in fetch_ncaa_comp_data
    rows = await con.fetch(query)
  File "/home/eatonadmin/.local/lib/python3.10/site-packages/asyncpg/connection.py", line 690, in fetch
    return await self._execute(
  File "/home/eatonadmin/.local/lib/python3.10/site-packages/asyncpg/connection.py", line 1864, in _execute
    result, _ = await self.__execute(
  File "/home/eatonadmin/.local/lib/python3.10/site-packages/asyncpg/connection.py", line 1961, in __execute
    result, stmt = await self._do_execute(
  File "/home/eatonadmin/.local/lib/python3.10/site-packages/asyncpg/connection.py", line 2024, in _do_execute
    result = await executor(stmt, None)
  File "asyncpg/protocol/protocol.pyx", line 206, in bind_execute
asyncpg.exceptions.DivisionByZeroError: division by zero
No connection after 3.0 seconds
Traceback (most recent call last):
  File "/home/eatonadmin/.local/lib/python3.10/site-packages/nicegui/background_tasks.py", line 52, in _handle_task_result
    task.result()
  File "/home/eatonadmin/.local/lib/python3.10/site-packages/nicegui/page.py", line 125, in wait_for_result
    return await result
  File "/home/eatonadmin/swimrank/SwimRank/MainApp.py", line 613, in main_page
    await ui.context.client.connected()
  File "/home/eatonadmin/.local/lib/python3.10/site-packages/nicegui/client.py", line 175, in connected
    raise TimeoutError(f'No connection after {timeout} seconds')
TimeoutError: No connection after 3.0 seconds
Exception in callback <function page.__call__.<locals>.check_for_late_return_value at 0x7d8014510b80>
handle: <Handle page.__call__.<locals>.check_for_late_return_value>
Traceback (most recent call last):
  File "uvloop/cbhandles.pyx", line 63, in uvloop.loop.Handle._run
  File "/home/eatonadmin/.local/lib/python3.10/site-packages/nicegui/page.py", line 107, in check_for_late_return_value
    if task.result() is not None:
TimeoutError: No connection after 3.0 seconds
No connection after 3.0 seconds
Traceback (most recent call last):
  File "/home/eatonadmin/.local/lib/python3.10/site-packages/nicegui/background_tasks.py", line 52, in _handle_task_result
    task.result()
  File "/home/eatonadmin/.local/lib/python3.10/site-packages/nicegui/page.py", line 125, in wait_for_result
    return await result
  File "/home/eatonadmin/swimrank/SwimRank/MainApp.py", line 613, in main_page
    await ui.context.client.connected()
  File "/home/eatonadmin/.local/lib/python3.10/site-packages/nicegui/client.py", line 175, in connected
    raise TimeoutError(f'No connection after {timeout} seconds')
TimeoutError: No connection after 3.0 seconds
Exception in callback <function page.__call__.<locals>.check_for_late_return_value at 0x7d8014510b80>
handle: <Handle page.__call__.<locals>.check_for_late_return_value>
Traceback (most recent call last):
  File "uvloop/cbhandles.pyx", line 63, in uvloop.loop.Handle._run
  File "/home/eatonadmin/.local/lib/python3.10/site-packages/nicegui/page.py", line 107, in check_for_late_return_value
    if task.result() is not None:
TimeoutError: No connection after 3.0 seconds
No connection after 3.0 seconds
Traceback (most recent call last):
  File "/home/eatonadmin/.local/lib/python3.10/site-packages/nicegui/background_tasks.py", line 52, in _handle_task_result
    task.result()
  File "/home/eatonadmin/.local/lib/python3.10/site-packages/nicegui/page.py", line 125, in wait_for_result
    return await result
  File "/home/eatonadmin/swimrank/SwimRank/MainApp.py", line 613, in main_page
    await ui.context.client.connected()
  File "/home/eatonadmin/.local/lib/python3.10/site-packages/nicegui/client.py", line 175, in connected
    raise TimeoutError(f'No connection after {timeout} seconds')
TimeoutError: No connection after 3.0 seconds
Exception in callback <function page.__call__.<locals>.check_for_late_return_value at 0x7d8014510b80>
handle: <Handle page.__call__.<locals>.check_for_late_return_value>
Traceback (most recent call last):
  File "uvloop/cbhandles.pyx", line 63, in uvloop.loop.Handle._run
  File "/home/eatonadmin/.local/lib/python3.10/site-packages/nicegui/page.py", line 107, in check_for_late_return_value
    if task.result() is not None:
TimeoutError: No connection after 3.0 seconds
division by zero
Traceback (most recent call last):
  File "/home/eatonadmin/.local/lib/python3.10/site-packages/nicegui/background_tasks.py", line 52, in _handle_task_result
    task.result()
  File "/home/eatonadmin/.local/lib/python3.10/site-packages/nicegui/page.py", line 125, in wait_for_result
    return await result
  File "/home/eatonadmin/swimrank/SwimRank/MainApp.py", line 609, in graph_page
    await display_event_data(first_non_empty_event, first_non_empty_event_df)
  File "/home/eatonadmin/swimrank/SwimRank/MainApp.py", line 500, in display_event_data
    await update_ncaa_comparison_table(e)
  File "/home/eatonadmin/swimrank/SwimRank/MainApp.py", line 399, in update_ncaa_comparison_table
    session['ncaa_comparisons'] = await fetch_ncaa_comp_data(str_to_timedelta(session['current_event_besttime'].strip('r')).total_seconds(), session['person']['Sex'], event)
  File "/home/eatonadmin/swimrank/SwimRank/MainApp.py", line 241, in fetch_ncaa_comp_data
    rows = await con.fetch(query)
  File "/home/eatonadmin/.local/lib/python3.10/site-packages/asyncpg/connection.py", line 690, in fetch
    return await self._execute(
  File "/home/eatonadmin/.local/lib/python3.10/site-packages/asyncpg/connection.py", line 1864, in _execute
    result, _ = await self.__execute(
  File "/home/eatonadmin/.local/lib/python3.10/site-packages/asyncpg/connection.py", line 1961, in __execute
    result, stmt = await self._do_execute(
  File "/home/eatonadmin/.local/lib/python3.10/site-packages/asyncpg/connection.py", line 2024, in _do_execute
    result = await executor(stmt, None)
  File "asyncpg/protocol/protocol.pyx", line 206, in bind_execute
asyncpg.exceptions.DivisionByZeroError: division by zero
Exception in callback <function page.__call__.<locals>.check_for_late_return_value at 0x7d8006e47ac0>
handle: <Handle page.__call__.<locals>.check_for_late_return_value>
Traceback (most recent call last):
  File "uvloop/cbhandles.pyx", line 63, in uvloop.loop.Handle._run
  File "/home/eatonadmin/.local/lib/python3.10/site-packages/nicegui/page.py", line 107, in check_for_late_return_value
    if task.result() is not None:
asyncpg.exceptions.DivisionByZeroError: division by zero
division by zero
Traceback (most recent call last):
  File "/home/eatonadmin/.local/lib/python3.10/site-packages/nicegui/events.py", line 438, in wait_for_result
    await result
  File "/home/eatonadmin/swimrank/SwimRank/MainApp.py", line 500, in display_event_data
    await update_ncaa_comparison_table(e)
  File "/home/eatonadmin/swimrank/SwimRank/MainApp.py", line 399, in update_ncaa_comparison_table
    session['ncaa_comparisons'] = await fetch_ncaa_comp_data(str_to_timedelta(session['current_event_besttime'].strip('r')).total_seconds(), session['person']['Sex'], event)
  File "/home/eatonadmin/swimrank/SwimRank/MainApp.py", line 241, in fetch_ncaa_comp_data
    rows = await con.fetch(query)
  File "/home/eatonadmin/.local/lib/python3.10/site-packages/asyncpg/connection.py", line 690, in fetch
    return await self._execute(
  File "/home/eatonadmin/.local/lib/python3.10/site-packages/asyncpg/connection.py", line 1864, in _execute
    result, _ = await self.__execute(
  File "/home/eatonadmin/.local/lib/python3.10/site-packages/asyncpg/connection.py", line 1961, in __execute
    result, stmt = await self._do_execute(
  File "/home/eatonadmin/.local/lib/python3.10/site-packages/asyncpg/connection.py", line 2024, in _do_execute
    result = await executor(stmt, None)
  File "asyncpg/protocol/protocol.pyx", line 206, in bind_execute
asyncpg.exceptions.DivisionByZeroError: division by zero
division by zero
Traceback (most recent call last):
  File "/home/eatonadmin/.local/lib/python3.10/site-packages/nicegui/events.py", line 438, in wait_for_result
    await result
  File "/home/eatonadmin/swimrank/SwimRank/MainApp.py", line 500, in display_event_data
    await update_ncaa_comparison_table(e)
  File "/home/eatonadmin/swimrank/SwimRank/MainApp.py", line 399, in update_ncaa_comparison_table
    session['ncaa_comparisons'] = await fetch_ncaa_comp_data(str_to_timedelta(session['current_event_besttime'].strip('r')).total_seconds(), session['person']['Sex'], event)
  File "/home/eatonadmin/swimrank/SwimRank/MainApp.py", line 241, in fetch_ncaa_comp_data
    rows = await con.fetch(query)
  File "/home/eatonadmin/.local/lib/python3.10/site-packages/asyncpg/connection.py", line 690, in fetch
    return await self._execute(
  File "/home/eatonadmin/.local/lib/python3.10/site-packages/asyncpg/connection.py", line 1864, in _execute
    result, _ = await self.__execute(
  File "/home/eatonadmin/.local/lib/python3.10/site-packages/asyncpg/connection.py", line 1961, in __execute
    result, stmt = await self._do_execute(
  File "/home/eatonadmin/.local/lib/python3.10/site-packages/asyncpg/connection.py", line 2024, in _do_execute
    result = await executor(stmt, None)
  File "asyncpg/protocol/protocol.pyx", line 206, in bind_execute
asyncpg.exceptions.DivisionByZeroError: division by zero
division by zero
Traceback (most recent call last):
  File "/home/eatonadmin/.local/lib/python3.10/site-packages/nicegui/events.py", line 438, in wait_for_result
    await result
  File "/home/eatonadmin/swimrank/SwimRank/MainApp.py", line 500, in display_event_data
    await update_ncaa_comparison_table(e)
  File "/home/eatonadmin/swimrank/SwimRank/MainApp.py", line 399, in update_ncaa_comparison_table
    session['ncaa_comparisons'] = await fetch_ncaa_comp_data(str_to_timedelta(session['current_event_besttime'].strip('r')).total_seconds(), session['person']['Sex'], event)
  File "/home/eatonadmin/swimrank/SwimRank/MainApp.py", line 241, in fetch_ncaa_comp_data
    rows = await con.fetch(query)
  File "/home/eatonadmin/.local/lib/python3.10/site-packages/asyncpg/connection.py", line 690, in fetch
    return await self._execute(
  File "/home/eatonadmin/.local/lib/python3.10/site-packages/asyncpg/connection.py", line 1864, in _execute
    result, _ = await self.__execute(
  File "/home/eatonadmin/.local/lib/python3.10/site-packages/asyncpg/connection.py", line 1961, in __execute
    result, stmt = await self._do_execute(
  File "/home/eatonadmin/.local/lib/python3.10/site-packages/asyncpg/connection.py", line 2024, in _do_execute
    result = await executor(stmt, None)
  File "asyncpg/protocol/protocol.pyx", line 206, in bind_execute
asyncpg.exceptions.DivisionByZeroError: division by zero
division by zero
Traceback (most recent call last):
  File "/home/eatonadmin/.local/lib/python3.10/site-packages/nicegui/events.py", line 438, in wait_for_result
    await result
  File "/home/eatonadmin/swimrank/SwimRank/MainApp.py", line 500, in display_event_data
    await update_ncaa_comparison_table(e)
  File "/home/eatonadmin/swimrank/SwimRank/MainApp.py", line 399, in update_ncaa_comparison_table
    session['ncaa_comparisons'] = await fetch_ncaa_comp_data(str_to_timedelta(session['current_event_besttime'].strip('r')).total_seconds(), session['person']['Sex'], event)
  File "/home/eatonadmin/swimrank/SwimRank/MainApp.py", line 241, in fetch_ncaa_comp_data
    rows = await con.fetch(query)
  File "/home/eatonadmin/.local/lib/python3.10/site-packages/asyncpg/connection.py", line 690, in fetch
    return await self._execute(
  File "/home/eatonadmin/.local/lib/python3.10/site-packages/asyncpg/connection.py", line 1864, in _execute
    result, _ = await self.__execute(
  File "/home/eatonadmin/.local/lib/python3.10/site-packages/asyncpg/connection.py", line 1961, in __execute
    result, stmt = await self._do_execute(
  File "/home/eatonadmin/.local/lib/python3.10/site-packages/asyncpg/connection.py", line 2024, in _do_execute
    result = await executor(stmt, None)
  File "asyncpg/protocol/protocol.pyx", line 206, in bind_execute
asyncpg.exceptions.DivisionByZeroError: division by zero
division by zero
Traceback (most recent call last):
  File "/home/eatonadmin/.local/lib/python3.10/site-packages/nicegui/events.py", line 438, in wait_for_result
    await result
  File "/home/eatonadmin/swimrank/SwimRank/MainApp.py", line 500, in display_event_data
    await update_ncaa_comparison_table(e)
  File "/home/eatonadmin/swimrank/SwimRank/MainApp.py", line 399, in update_ncaa_comparison_table
    session['ncaa_comparisons'] = await fetch_ncaa_comp_data(str_to_timedelta(session['current_event_besttime'].strip('r')).total_seconds(), session['person']['Sex'], event)
  File "/home/eatonadmin/swimrank/SwimRank/MainApp.py", line 241, in fetch_ncaa_comp_data
    rows = await con.fetch(query)
  File "/home/eatonadmin/.local/lib/python3.10/site-packages/asyncpg/connection.py", line 690, in fetch
    return await self._execute(
  File "/home/eatonadmin/.local/lib/python3.10/site-packages/asyncpg/connection.py", line 1864, in _execute
    result, _ = await self.__execute(
  File "/home/eatonadmin/.local/lib/python3.10/site-packages/asyncpg/connection.py", line 1961, in __execute
    result, stmt = await self._do_execute(
  File "/home/eatonadmin/.local/lib/python3.10/site-packages/asyncpg/connection.py", line 2024, in _do_execute
    result = await executor(stmt, None)
  File "asyncpg/protocol/protocol.pyx", line 206, in bind_execute
asyncpg.exceptions.DivisionByZeroError: division by zero
division by zero
Traceback (most recent call last):
  File "/home/eatonadmin/.local/lib/python3.10/site-packages/nicegui/events.py", line 438, in wait_for_result
    await result
  File "/home/eatonadmin/swimrank/SwimRank/MainApp.py", line 500, in display_event_data
    await update_ncaa_comparison_table(e)
  File "/home/eatonadmin/swimrank/SwimRank/MainApp.py", line 399, in update_ncaa_comparison_table
    session['ncaa_comparisons'] = await fetch_ncaa_comp_data(str_to_timedelta(session['current_event_besttime'].strip('r')).total_seconds(), session['person']['Sex'], event)
  File "/home/eatonadmin/swimrank/SwimRank/MainApp.py", line 241, in fetch_ncaa_comp_data
    rows = await con.fetch(query)
  File "/home/eatonadmin/.local/lib/python3.10/site-packages/asyncpg/connection.py", line 690, in fetch
    return await self._execute(
  File "/home/eatonadmin/.local/lib/python3.10/site-packages/asyncpg/connection.py", line 1864, in _execute
    result, _ = await self.__execute(
  File "/home/eatonadmin/.local/lib/python3.10/site-packages/asyncpg/connection.py", line 1961, in __execute
    result, stmt = await self._do_execute(
  File "/home/eatonadmin/.local/lib/python3.10/site-packages/asyncpg/connection.py", line 2024, in _do_execute
    result = await executor(stmt, None)
  File "asyncpg/protocol/protocol.pyx", line 206, in bind_execute
asyncpg.exceptions.DivisionByZeroError: division by zero
division by zero
Traceback (most recent call last):
  File "/home/eatonadmin/.local/lib/python3.10/site-packages/nicegui/events.py", line 438, in wait_for_result
    await result
  File "/home/eatonadmin/swimrank/SwimRank/MainApp.py", line 500, in display_event_data
    await update_ncaa_comparison_table(e)
  File "/home/eatonadmin/swimrank/SwimRank/MainApp.py", line 399, in update_ncaa_comparison_table
    session['ncaa_comparisons'] = await fetch_ncaa_comp_data(str_to_timedelta(session['current_event_besttime'].strip('r')).total_seconds(), session['person']['Sex'], event)
  File "/home/eatonadmin/swimrank/SwimRank/MainApp.py", line 241, in fetch_ncaa_comp_data
    rows = await con.fetch(query)
  File "/home/eatonadmin/.local/lib/python3.10/site-packages/asyncpg/connection.py", line 690, in fetch
    return await self._execute(
  File "/home/eatonadmin/.local/lib/python3.10/site-packages/asyncpg/connection.py", line 1864, in _execute
    result, _ = await self.__execute(
  File "/home/eatonadmin/.local/lib/python3.10/site-packages/asyncpg/connection.py", line 1961, in __execute
    result, stmt = await self._do_execute(
  File "/home/eatonadmin/.local/lib/python3.10/site-packages/asyncpg/connection.py", line 2024, in _do_execute
    result = await executor(stmt, None)
  File "asyncpg/protocol/protocol.pyx", line 206, in bind_execute
asyncpg.exceptions.DivisionByZeroError: division by zero
division by zero
Traceback (most recent call last):
  File "/home/eatonadmin/.local/lib/python3.10/site-packages/nicegui/events.py", line 438, in wait_for_result
    await result
  File "/home/eatonadmin/swimrank/SwimRank/MainApp.py", line 500, in display_event_data
    await update_ncaa_comparison_table(e)
  File "/home/eatonadmin/swimrank/SwimRank/MainApp.py", line 399, in update_ncaa_comparison_table
    session['ncaa_comparisons'] = await fetch_ncaa_comp_data(str_to_timedelta(session['current_event_besttime'].strip('r')).total_seconds(), session['person']['Sex'], event)
  File "/home/eatonadmin/swimrank/SwimRank/MainApp.py", line 241, in fetch_ncaa_comp_data
    rows = await con.fetch(query)
  File "/home/eatonadmin/.local/lib/python3.10/site-packages/asyncpg/connection.py", line 690, in fetch
    return await self._execute(
  File "/home/eatonadmin/.local/lib/python3.10/site-packages/asyncpg/connection.py", line 1864, in _execute
    result, _ = await self.__execute(
  File "/home/eatonadmin/.local/lib/python3.10/site-packages/asyncpg/connection.py", line 1961, in __execute
    result, stmt = await self._do_execute(
  File "/home/eatonadmin/.local/lib/python3.10/site-packages/asyncpg/connection.py", line 2024, in _do_execute
    result = await executor(stmt, None)
  File "asyncpg/protocol/protocol.pyx", line 206, in bind_execute
asyncpg.exceptions.DivisionByZeroError: division by zero
No connection after 3.0 seconds
Traceback (most recent call last):
  File "/home/eatonadmin/.local/lib/python3.10/site-packages/nicegui/background_tasks.py", line 52, in _handle_task_result
    task.result()
  File "/home/eatonadmin/.local/lib/python3.10/site-packages/nicegui/page.py", line 125, in wait_for_result
    return await result
  File "/home/eatonadmin/swimrank/SwimRank/MainApp.py", line 613, in main_page
    await ui.context.client.connected()
  File "/home/eatonadmin/.local/lib/python3.10/site-packages/nicegui/client.py", line 175, in connected
    raise TimeoutError(f'No connection after {timeout} seconds')
TimeoutError: No connection after 3.0 seconds
Exception in callback <function page.__call__.<locals>.check_for_late_return_value at 0x7d8014510b80>
handle: <Handle page.__call__.<locals>.check_for_late_return_value>
Traceback (most recent call last):
  File "uvloop/cbhandles.pyx", line 63, in uvloop.loop.Handle._run
  File "/home/eatonadmin/.local/lib/python3.10/site-packages/nicegui/page.py", line 107, in check_for_late_return_value
    if task.result() is not None:
TimeoutError: No connection after 3.0 seconds
No connection after 3.0 seconds
Traceback (most recent call last):
  File "/home/eatonadmin/.local/lib/python3.10/site-packages/nicegui/background_tasks.py", line 52, in _handle_task_result
    task.result()
  File "/home/eatonadmin/.local/lib/python3.10/site-packages/nicegui/page.py", line 125, in wait_for_result
    return await result
  File "/home/eatonadmin/swimrank/SwimRank/MainApp.py", line 613, in main_page
    await ui.context.client.connected()
  File "/home/eatonadmin/.local/lib/python3.10/site-packages/nicegui/client.py", line 175, in connected
    raise TimeoutError(f'No connection after {timeout} seconds')
TimeoutError: No connection after 3.0 seconds
Exception in callback <function page.__call__.<locals>.check_for_late_return_value at 0x7d8014510b80>
handle: <Handle page.__call__.<locals>.check_for_late_return_value>
Traceback (most recent call last):
  File "uvloop/cbhandles.pyx", line 63, in uvloop.loop.Handle._run
  File "/home/eatonadmin/.local/lib/python3.10/site-packages/nicegui/page.py", line 107, in check_for_late_return_value
    if task.result() is not None:
TimeoutError: No connection after 3.0 seconds
https://172.190.139.8/security.txt not found
Columns must be same length as key
Traceback (most recent call last):
  File "/home/eatonadmin/.local/lib/python3.10/site-packages/nicegui/background_tasks.py", line 52, in _handle_task_result
    task.result()
  File "/home/eatonadmin/.local/lib/python3.10/site-packages/nicegui/page.py", line 125, in wait_for_result
    return await result
  File "/home/eatonadmin/swimrank/SwimRank/MainApp.py", line 828, in rankings_page
    temp['SwimTime'] = temp.apply(lambda row: convert_timedelta(row['SwimTime']), axis=1)
  File "/home/eatonadmin/.local/lib/python3.10/site-packages/pandas/core/frame.py", line 4301, in __setitem__
    self._set_item_frame_value(key, value)
  File "/home/eatonadmin/.local/lib/python3.10/site-packages/pandas/core/frame.py", line 4429, in _set_item_frame_value
    raise ValueError("Columns must be same length as key")
ValueError: Columns must be same length as key
Exception in callback <function page.__call__.<locals>.check_for_late_return_value at 0x7d8006e38790>
handle: <Handle page.__call__.<locals>.check_for_late_return_value>
Traceback (most recent call last):
  File "uvloop/cbhandles.pyx", line 63, in uvloop.loop.Handle._run
  File "/home/eatonadmin/.local/lib/python3.10/site-packages/nicegui/page.py", line 107, in check_for_late_return_value
    if task.result() is not None:
ValueError: Columns must be same length as key
Columns must be same length as key
Traceback (most recent call last):
  File "/home/eatonadmin/.local/lib/python3.10/site-packages/nicegui/background_tasks.py", line 52, in _handle_task_result
    task.result()
  File "/home/eatonadmin/.local/lib/python3.10/site-packages/nicegui/page.py", line 125, in wait_for_result
    return await result
  File "/home/eatonadmin/swimrank/SwimRank/MainApp.py", line 828, in rankings_page
    temp['SwimTime'] = temp.apply(lambda row: convert_timedelta(row['SwimTime']), axis=1)
  File "/home/eatonadmin/.local/lib/python3.10/site-packages/pandas/core/frame.py", line 4301, in __setitem__
    self._set_item_frame_value(key, value)
  File "/home/eatonadmin/.local/lib/python3.10/site-packages/pandas/core/frame.py", line 4429, in _set_item_frame_value
    raise ValueError("Columns must be same length as key")
ValueError: Columns must be same length as key
Exception in callback <function page.__call__.<locals>.check_for_late_return_value at 0x7d8006e38790>
handle: <Handle page.__call__.<locals>.check_for_late_return_value>
Traceback (most recent call last):
  File "uvloop/cbhandles.pyx", line 63, in uvloop.loop.Handle._run
  File "/home/eatonadmin/.local/lib/python3.10/site-packages/nicegui/page.py", line 107, in check_for_late_return_value
    if task.result() is not None:
ValueError: Columns must be same length as key
Columns must be same length as key
Traceback (most recent call last):
  File "/home/eatonadmin/.local/lib/python3.10/site-packages/nicegui/background_tasks.py", line 52, in _handle_task_result
    task.result()
  File "/home/eatonadmin/.local/lib/python3.10/site-packages/nicegui/page.py", line 125, in wait_for_result
    return await result
  File "/home/eatonadmin/swimrank/SwimRank/MainApp.py", line 828, in rankings_page
    temp['SwimTime'] = temp.apply(lambda row: convert_timedelta(row['SwimTime']), axis=1)
  File "/home/eatonadmin/.local/lib/python3.10/site-packages/pandas/core/frame.py", line 4301, in __setitem__
    self._set_item_frame_value(key, value)
  File "/home/eatonadmin/.local/lib/python3.10/site-packages/pandas/core/frame.py", line 4429, in _set_item_frame_value
    raise ValueError("Columns must be same length as key")
ValueError: Columns must be same length as key
Exception in callback <function page.__call__.<locals>.check_for_late_return_value at 0x7d8006e38790>
handle: <Handle page.__call__.<locals>.check_for_late_return_value>
Traceback (most recent call last):
  File "uvloop/cbhandles.pyx", line 63, in uvloop.loop.Handle._run
  File "/home/eatonadmin/.local/lib/python3.10/site-packages/nicegui/page.py", line 107, in check_for_late_return_value
    if task.result() is not None:
ValueError: Columns must be same length as key
https://172.190.139.8/SDK/webLanguage not found
Columns must be same length as key
Traceback (most recent call last):
  File "/home/eatonadmin/.local/lib/python3.10/site-packages/nicegui/background_tasks.py", line 52, in _handle_task_result
    task.result()
  File "/home/eatonadmin/.local/lib/python3.10/site-packages/nicegui/page.py", line 125, in wait_for_result
    return await result
  File "/home/eatonadmin/swimrank/SwimRank/MainApp.py", line 828, in rankings_page
    temp['SwimTime'] = temp.apply(lambda row: convert_timedelta(row['SwimTime']), axis=1)
  File "/home/eatonadmin/.local/lib/python3.10/site-packages/pandas/core/frame.py", line 4301, in __setitem__
    self._set_item_frame_value(key, value)
  File "/home/eatonadmin/.local/lib/python3.10/site-packages/pandas/core/frame.py", line 4429, in _set_item_frame_value
    raise ValueError("Columns must be same length as key")
ValueError: Columns must be same length as key
Exception in callback <function page.__call__.<locals>.check_for_late_return_value at 0x7d8006e38790>
handle: <Handle page.__call__.<locals>.check_for_late_return_value>
Traceback (most recent call last):
  File "uvloop/cbhandles.pyx", line 63, in uvloop.loop.Handle._run
  File "/home/eatonadmin/.local/lib/python3.10/site-packages/nicegui/page.py", line 107, in check_for_late_return_value
    if task.result() is not None:
ValueError: Columns must be same length as key
No connection after 3.0 seconds
Traceback (most recent call last):
  File "/home/eatonadmin/.local/lib/python3.10/site-packages/nicegui/background_tasks.py", line 52, in _handle_task_result
    task.result()
  File "/home/eatonadmin/.local/lib/python3.10/site-packages/nicegui/page.py", line 125, in wait_for_result
    return await result
  File "/home/eatonadmin/swimrank/SwimRank/MainApp.py", line 613, in main_page
    await ui.context.client.connected()
  File "/home/eatonadmin/.local/lib/python3.10/site-packages/nicegui/client.py", line 175, in connected
    raise TimeoutError(f'No connection after {timeout} seconds')
TimeoutError: No connection after 3.0 seconds
Exception in callback <function page.__call__.<locals>.check_for_late_return_value at 0x7d8014510b80>
handle: <Handle page.__call__.<locals>.check_for_late_return_value>
Traceback (most recent call last):
  File "uvloop/cbhandles.pyx", line 63, in uvloop.loop.Handle._run
  File "/home/eatonadmin/.local/lib/python3.10/site-packages/nicegui/page.py", line 107, in check_for_late_return_value
    if task.result() is not None:
TimeoutError: No connection after 3.0 seconds
No connection after 3.0 seconds
Traceback (most recent call last):
  File "/home/eatonadmin/.local/lib/python3.10/site-packages/nicegui/background_tasks.py", line 52, in _handle_task_result
    task.result()
  File "/home/eatonadmin/.local/lib/python3.10/site-packages/nicegui/page.py", line 125, in wait_for_result
    return await result
  File "/home/eatonadmin/swimrank/SwimRank/MainApp.py", line 613, in main_page
    await ui.context.client.connected()
  File "/home/eatonadmin/.local/lib/python3.10/site-packages/nicegui/client.py", line 175, in connected
    raise TimeoutError(f'No connection after {timeout} seconds')
TimeoutError: No connection after 3.0 seconds
Exception in callback <function page.__call__.<locals>.check_for_late_return_value at 0x7d8014510b80>
handle: <Handle page.__call__.<locals>.check_for_late_return_value>
Traceback (most recent call last):
  File "uvloop/cbhandles.pyx", line 63, in uvloop.loop.Handle._run
  File "/home/eatonadmin/.local/lib/python3.10/site-packages/nicegui/page.py", line 107, in check_for_late_return_value
    if task.result() is not None:
TimeoutError: No connection after 3.0 seconds
https://www.swimmingrank.org/admin/serverConfig.json not found
No connection after 3.0 seconds
Traceback (most recent call last):
  File "/home/eatonadmin/.local/lib/python3.10/site-packages/nicegui/background_tasks.py", line 52, in _handle_task_result
    task.result()
  File "/home/eatonadmin/.local/lib/python3.10/site-packages/nicegui/page.py", line 125, in wait_for_result
    return await result
  File "/home/eatonadmin/swimrank/SwimRank/MainApp.py", line 613, in main_page
    await ui.context.client.connected()
  File "/home/eatonadmin/.local/lib/python3.10/site-packages/nicegui/client.py", line 175, in connected
    raise TimeoutError(f'No connection after {timeout} seconds')
TimeoutError: No connection after 3.0 seconds
Exception in callback <function page.__call__.<locals>.check_for_late_return_value at 0x7d8014510b80>
handle: <Handle page.__call__.<locals>.check_for_late_return_value>
Traceback (most recent call last):
  File "uvloop/cbhandles.pyx", line 63, in uvloop.loop.Handle._run
  File "/home/eatonadmin/.local/lib/python3.10/site-packages/nicegui/page.py", line 107, in check_for_late_return_value
    if task.result() is not None:
TimeoutError: No connection after 3.0 seconds
No connection after 3.0 seconds
Traceback (most recent call last):
  File "/home/eatonadmin/.local/lib/python3.10/site-packages/nicegui/background_tasks.py", line 52, in _handle_task_result
    task.result()
  File "/home/eatonadmin/.local/lib/python3.10/site-packages/nicegui/page.py", line 125, in wait_for_result
    return await result
  File "/home/eatonadmin/swimrank/SwimRank/MainApp.py", line 613, in main_page
    await ui.context.client.connected()
  File "/home/eatonadmin/.local/lib/python3.10/site-packages/nicegui/client.py", line 175, in connected
    raise TimeoutError(f'No connection after {timeout} seconds')
TimeoutError: No connection after 3.0 seconds
Exception in callback <function page.__call__.<locals>.check_for_late_return_value at 0x7d8014510b80>
handle: <Handle page.__call__.<locals>.check_for_late_return_value>
Traceback (most recent call last):
  File "uvloop/cbhandles.pyx", line 63, in uvloop.loop.Handle._run
  File "/home/eatonadmin/.local/lib/python3.10/site-packages/nicegui/page.py", line 107, in check_for_late_return_value
    if task.result() is not None:
TimeoutError: No connection after 3.0 seconds
No connection after 3.0 seconds
Traceback (most recent call last):
  File "/home/eatonadmin/.local/lib/python3.10/site-packages/nicegui/background_tasks.py", line 52, in _handle_task_result
    task.result()
  File "/home/eatonadmin/.local/lib/python3.10/site-packages/nicegui/page.py", line 125, in wait_for_result
    return await result
  File "/home/eatonadmin/swimrank/SwimRank/MainApp.py", line 613, in main_page
    await ui.context.client.connected()
  File "/home/eatonadmin/.local/lib/python3.10/site-packages/nicegui/client.py", line 175, in connected
    raise TimeoutError(f'No connection after {timeout} seconds')
TimeoutError: No connection after 3.0 seconds
Exception in callback <function page.__call__.<locals>.check_for_late_return_value at 0x7d8014510b80>
handle: <Handle page.__call__.<locals>.check_for_late_return_value>
Traceback (most recent call last):
  File "uvloop/cbhandles.pyx", line 63, in uvloop.loop.Handle._run
  File "/home/eatonadmin/.local/lib/python3.10/site-packages/nicegui/page.py", line 107, in check_for_late_return_value
    if task.result() is not None:
TimeoutError: No connection after 3.0 seconds
No connection after 3.0 seconds
Traceback (most recent call last):
  File "/home/eatonadmin/.local/lib/python3.10/site-packages/nicegui/background_tasks.py", line 52, in _handle_task_result
    task.result()
  File "/home/eatonadmin/.local/lib/python3.10/site-packages/nicegui/page.py", line 125, in wait_for_result
    return await result
  File "/home/eatonadmin/swimrank/SwimRank/MainApp.py", line 613, in main_page
    await ui.context.client.connected()
  File "/home/eatonadmin/.local/lib/python3.10/site-packages/nicegui/client.py", line 175, in connected
    raise TimeoutError(f'No connection after {timeout} seconds')
TimeoutError: No connection after 3.0 seconds
Exception in callback <function page.__call__.<locals>.check_for_late_return_value at 0x7d8014510b80>
handle: <Handle page.__call__.<locals>.check_for_late_return_value>
Traceback (most recent call last):
  File "uvloop/cbhandles.pyx", line 63, in uvloop.loop.Handle._run
  File "/home/eatonadmin/.local/lib/python3.10/site-packages/nicegui/page.py", line 107, in check_for_late_return_value
    if task.result() is not None:
TimeoutError: No connection after 3.0 seconds
No connection after 3.0 seconds
Traceback (most recent call last):
  File "/home/eatonadmin/.local/lib/python3.10/site-packages/nicegui/background_tasks.py", line 52, in _handle_task_result
    task.result()
  File "/home/eatonadmin/.local/lib/python3.10/site-packages/nicegui/page.py", line 125, in wait_for_result
    return await result
  File "/home/eatonadmin/swimrank/SwimRank/MainApp.py", line 613, in main_page
    await ui.context.client.connected()
  File "/home/eatonadmin/.local/lib/python3.10/site-packages/nicegui/client.py", line 175, in connected
    raise TimeoutError(f'No connection after {timeout} seconds')
TimeoutError: No connection after 3.0 seconds
Exception in callback <function page.__call__.<locals>.check_for_late_return_value at 0x7d8014510b80>
handle: <Handle page.__call__.<locals>.check_for_late_return_value>
Traceback (most recent call last):
  File "uvloop/cbhandles.pyx", line 63, in uvloop.loop.Handle._run
  File "/home/eatonadmin/.local/lib/python3.10/site-packages/nicegui/page.py", line 107, in check_for_late_return_value
    if task.result() is not None:
TimeoutError: No connection after 3.0 seconds
https://www.swimmingrank.org/css/support_parent.css not found
https://www.swimmingrank.org/js/twint_ch.js not found
https://www.swimmingrank.org/js/lkk_ch.js not found
No connection after 3.0 seconds
Traceback (most recent call last):
  File "/home/eatonadmin/.local/lib/python3.10/site-packages/nicegui/background_tasks.py", line 52, in _handle_task_result
    task.result()
  File "/home/eatonadmin/.local/lib/python3.10/site-packages/nicegui/page.py", line 125, in wait_for_result
    return await result
  File "/home/eatonadmin/swimrank/SwimRank/MainApp.py", line 613, in main_page
    await ui.context.client.connected()
  File "/home/eatonadmin/.local/lib/python3.10/site-packages/nicegui/client.py", line 175, in connected
    raise TimeoutError(f'No connection after {timeout} seconds')
TimeoutError: No connection after 3.0 seconds
Exception in callback <function page.__call__.<locals>.check_for_late_return_value at 0x7d8014510b80>
handle: <Handle page.__call__.<locals>.check_for_late_return_value>
Traceback (most recent call last):
  File "uvloop/cbhandles.pyx", line 63, in uvloop.loop.Handle._run
  File "/home/eatonadmin/.local/lib/python3.10/site-packages/nicegui/page.py", line 107, in check_for_late_return_value
    if task.result() is not None:
TimeoutError: No connection after 3.0 seconds
No connection after 3.0 seconds
Traceback (most recent call last):
  File "/home/eatonadmin/.local/lib/python3.10/site-packages/nicegui/background_tasks.py", line 52, in _handle_task_result
    task.result()
  File "/home/eatonadmin/.local/lib/python3.10/site-packages/nicegui/page.py", line 125, in wait_for_result
    return await result
  File "/home/eatonadmin/swimrank/SwimRank/MainApp.py", line 1108, in privacypolicy_page
    await ui.context.client.connected()
  File "/home/eatonadmin/.local/lib/python3.10/site-packages/nicegui/client.py", line 175, in connected
    raise TimeoutError(f'No connection after {timeout} seconds')
TimeoutError: No connection after 3.0 seconds
Exception in callback <function page.__call__.<locals>.check_for_late_return_value at 0x7d8006e38d30>
handle: <Handle page.__call__.<locals>.check_for_late_return_value>
Traceback (most recent call last):
  File "uvloop/cbhandles.pyx", line 63, in uvloop.loop.Handle._run
  File "/home/eatonadmin/.local/lib/python3.10/site-packages/nicegui/page.py", line 107, in check_for_late_return_value
    if task.result() is not None:
TimeoutError: No connection after 3.0 seconds
No connection after 3.0 seconds
Traceback (most recent call last):
  File "/home/eatonadmin/.local/lib/python3.10/site-packages/nicegui/background_tasks.py", line 52, in _handle_task_result
    task.result()
  File "/home/eatonadmin/.local/lib/python3.10/site-packages/nicegui/page.py", line 125, in wait_for_result
    return await result
  File "/home/eatonadmin/swimrank/SwimRank/MainApp.py", line 613, in main_page
    await ui.context.client.connected()
  File "/home/eatonadmin/.local/lib/python3.10/site-packages/nicegui/client.py", line 175, in connected
    raise TimeoutError(f'No connection after {timeout} seconds')
TimeoutError: No connection after 3.0 seconds
Exception in callback <function page.__call__.<locals>.check_for_late_return_value at 0x7d8014510b80>
handle: <Handle page.__call__.<locals>.check_for_late_return_value>
Traceback (most recent call last):
  File "uvloop/cbhandles.pyx", line 63, in uvloop.loop.Handle._run
  File "/home/eatonadmin/.local/lib/python3.10/site-packages/nicegui/page.py", line 107, in check_for_late_return_value
    if task.result() is not None:
TimeoutError: No connection after 3.0 seconds
WARNING:  WatchFiles detected changes in 'MainApp.py'. Reloading...
NiceGUI ready to go on http://localhost:8080, and http://10.201.75.248:8080
https://www.swimmingrank.org/robots.txt not found
No connection after 3.0 seconds
Traceback (most recent call last):
  File "/home/eatonadmin/.local/lib/python3.10/site-packages/nicegui/background_tasks.py", line 52, in _handle_task_result
    task.result()
  File "/home/eatonadmin/.local/lib/python3.10/site-packages/nicegui/page.py", line 125, in wait_for_result
    return await result
  File "/home/eatonadmin/swimrank/SwimRank/MainApp.py", line 613, in main_page
    await ui.context.client.connected()
  File "/home/eatonadmin/.local/lib/python3.10/site-packages/nicegui/client.py", line 175, in connected
    raise TimeoutError(f'No connection after {timeout} seconds')
TimeoutError: No connection after 3.0 seconds
Exception in callback <function page.__call__.<locals>.check_for_late_return_value at 0x72dc97148b80>
handle: <Handle page.__call__.<locals>.check_for_late_return_value>
Traceback (most recent call last):
  File "uvloop/cbhandles.pyx", line 63, in uvloop.loop.Handle._run
  File "/home/eatonadmin/.local/lib/python3.10/site-packages/nicegui/page.py", line 107, in check_for_late_return_value
    if task.result() is not None:
TimeoutError: No connection after 3.0 seconds
No connection after 3.0 seconds
Traceback (most recent call last):
  File "/home/eatonadmin/.local/lib/python3.10/site-packages/nicegui/background_tasks.py", line 52, in _handle_task_result
    task.result()
  File "/home/eatonadmin/.local/lib/python3.10/site-packages/nicegui/page.py", line 125, in wait_for_result
    return await result
  File "/home/eatonadmin/swimrank/SwimRank/MainApp.py", line 613, in main_page
    await ui.context.client.connected()
  File "/home/eatonadmin/.local/lib/python3.10/site-packages/nicegui/client.py", line 175, in connected
    raise TimeoutError(f'No connection after {timeout} seconds')
TimeoutError: No connection after 3.0 seconds
Exception in callback <function page.__call__.<locals>.check_for_late_return_value at 0x72dc97148b80>
handle: <Handle page.__call__.<locals>.check_for_late_return_value>
Traceback (most recent call last):
  File "uvloop/cbhandles.pyx", line 63, in uvloop.loop.Handle._run
  File "/home/eatonadmin/.local/lib/python3.10/site-packages/nicegui/page.py", line 107, in check_for_late_return_value
    if task.result() is not None:
TimeoutError: No connection after 3.0 seconds
Columns must be same length as key
Traceback (most recent call last):
  File "/home/eatonadmin/.local/lib/python3.10/site-packages/nicegui/background_tasks.py", line 52, in _handle_task_result
    task.result()
  File "/home/eatonadmin/.local/lib/python3.10/site-packages/nicegui/page.py", line 125, in wait_for_result
    return await result
  File "/home/eatonadmin/swimrank/SwimRank/MainApp.py", line 573, in graph_page
    session['all_event_data_df']["SwimTime"] = session['all_event_data_df'].apply(lambda row: convert_timedelta(row['SwimTime']) + "r" if row['Relay'] == 1 else convert_timedelta(row['SwimTime']), axis=1)
  File "/home/eatonadmin/.local/lib/python3.10/site-packages/pandas/core/frame.py", line 4301, in __setitem__
    self._set_item_frame_value(key, value)
  File "/home/eatonadmin/.local/lib/python3.10/site-packages/pandas/core/frame.py", line 4429, in _set_item_frame_value
    raise ValueError("Columns must be same length as key")
ValueError: Columns must be same length as key
Exception in callback <function page.__call__.<locals>.check_for_late_return_value at 0x72dc89af7ac0>
handle: <Handle page.__call__.<locals>.check_for_late_return_value>
Traceback (most recent call last):
  File "uvloop/cbhandles.pyx", line 63, in uvloop.loop.Handle._run
  File "/home/eatonadmin/.local/lib/python3.10/site-packages/nicegui/page.py", line 107, in check_for_late_return_value
    if task.result() is not None:
ValueError: Columns must be same length as key
Columns must be same length as key
Traceback (most recent call last):
  File "/home/eatonadmin/.local/lib/python3.10/site-packages/nicegui/background_tasks.py", line 52, in _handle_task_result
    task.result()
  File "/home/eatonadmin/.local/lib/python3.10/site-packages/nicegui/page.py", line 125, in wait_for_result
    return await result
  File "/home/eatonadmin/swimrank/SwimRank/MainApp.py", line 573, in graph_page
    session['all_event_data_df']["SwimTime"] = session['all_event_data_df'].apply(lambda row: convert_timedelta(row['SwimTime']) + "r" if row['Relay'] == 1 else convert_timedelta(row['SwimTime']), axis=1)
  File "/home/eatonadmin/.local/lib/python3.10/site-packages/pandas/core/frame.py", line 4301, in __setitem__
    self._set_item_frame_value(key, value)
  File "/home/eatonadmin/.local/lib/python3.10/site-packages/pandas/core/frame.py", line 4429, in _set_item_frame_value
    raise ValueError("Columns must be same length as key")
ValueError: Columns must be same length as key
Exception in callback <function page.__call__.<locals>.check_for_late_return_value at 0x72dc89af7ac0>
handle: <Handle page.__call__.<locals>.check_for_late_return_value>
Traceback (most recent call last):
  File "uvloop/cbhandles.pyx", line 63, in uvloop.loop.Handle._run
  File "/home/eatonadmin/.local/lib/python3.10/site-packages/nicegui/page.py", line 107, in check_for_late_return_value
    if task.result() is not None:
ValueError: Columns must be same length as key
No connection after 3.0 seconds
Traceback (most recent call last):
  File "/home/eatonadmin/.local/lib/python3.10/site-packages/nicegui/background_tasks.py", line 52, in _handle_task_result
    task.result()
  File "/home/eatonadmin/.local/lib/python3.10/site-packages/nicegui/page.py", line 125, in wait_for_result
    return await result
  File "/home/eatonadmin/swimrank/SwimRank/MainApp.py", line 613, in main_page
    await ui.context.client.connected()
  File "/home/eatonadmin/.local/lib/python3.10/site-packages/nicegui/client.py", line 175, in connected
    raise TimeoutError(f'No connection after {timeout} seconds')
TimeoutError: No connection after 3.0 seconds
Exception in callback <function page.__call__.<locals>.check_for_late_return_value at 0x72dc97148b80>
handle: <Handle page.__call__.<locals>.check_for_late_return_value>
Traceback (most recent call last):
  File "uvloop/cbhandles.pyx", line 63, in uvloop.loop.Handle._run
  File "/home/eatonadmin/.local/lib/python3.10/site-packages/nicegui/page.py", line 107, in check_for_late_return_value
    if task.result() is not None:
TimeoutError: No connection after 3.0 seconds
https://www.swimmingrank.org/robots.txt not found
No connection after 3.0 seconds
Traceback (most recent call last):
  File "/home/eatonadmin/.local/lib/python3.10/site-packages/nicegui/background_tasks.py", line 52, in _handle_task_result
    task.result()
  File "/home/eatonadmin/.local/lib/python3.10/site-packages/nicegui/page.py", line 125, in wait_for_result
    return await result
  File "/home/eatonadmin/swimrank/SwimRank/MainApp.py", line 613, in main_page
    await ui.context.client.connected()
  File "/home/eatonadmin/.local/lib/python3.10/site-packages/nicegui/client.py", line 175, in connected
    raise TimeoutError(f'No connection after {timeout} seconds')
TimeoutError: No connection after 3.0 seconds
Exception in callback <function page.__call__.<locals>.check_for_late_return_value at 0x72dc97148b80>
handle: <Handle page.__call__.<locals>.check_for_late_return_value>
Traceback (most recent call last):
  File "uvloop/cbhandles.pyx", line 63, in uvloop.loop.Handle._run
  File "/home/eatonadmin/.local/lib/python3.10/site-packages/nicegui/page.py", line 107, in check_for_late_return_value
    if task.result() is not None:
TimeoutError: No connection after 3.0 seconds
https://www.swimmingrank.org/_nicegui/2.9.0/static/; not found
No connection after 3.0 seconds
Traceback (most recent call last):
  File "/home/eatonadmin/.local/lib/python3.10/site-packages/nicegui/background_tasks.py", line 52, in _handle_task_result
    task.result()
  File "/home/eatonadmin/.local/lib/python3.10/site-packages/nicegui/page.py", line 125, in wait_for_result
    return await result
  File "/home/eatonadmin/swimrank/SwimRank/MainApp.py", line 613, in main_page
    await ui.context.client.connected()
  File "/home/eatonadmin/.local/lib/python3.10/site-packages/nicegui/client.py", line 175, in connected
    raise TimeoutError(f'No connection after {timeout} seconds')
TimeoutError: No connection after 3.0 seconds
Exception in callback <function page.__call__.<locals>.check_for_late_return_value at 0x72dc97148b80>
handle: <Handle page.__call__.<locals>.check_for_late_return_value>
Traceback (most recent call last):
  File "uvloop/cbhandles.pyx", line 63, in uvloop.loop.Handle._run
  File "/home/eatonadmin/.local/lib/python3.10/site-packages/nicegui/page.py", line 107, in check_for_late_return_value
    if task.result() is not None:
TimeoutError: No connection after 3.0 seconds
No connection after 3.0 seconds
Traceback (most recent call last):
  File "/home/eatonadmin/.local/lib/python3.10/site-packages/nicegui/background_tasks.py", line 52, in _handle_task_result
    task.result()
  File "/home/eatonadmin/.local/lib/python3.10/site-packages/nicegui/page.py", line 125, in wait_for_result
    return await result
  File "/home/eatonadmin/swimrank/SwimRank/MainApp.py", line 613, in main_page
    await ui.context.client.connected()
  File "/home/eatonadmin/.local/lib/python3.10/site-packages/nicegui/client.py", line 175, in connected
    raise TimeoutError(f'No connection after {timeout} seconds')
TimeoutError: No connection after 3.0 seconds
Exception in callback <function page.__call__.<locals>.check_for_late_return_value at 0x72dc97148b80>
handle: <Handle page.__call__.<locals>.check_for_late_return_value>
Traceback (most recent call last):
  File "uvloop/cbhandles.pyx", line 63, in uvloop.loop.Handle._run
  File "/home/eatonadmin/.local/lib/python3.10/site-packages/nicegui/page.py", line 107, in check_for_late_return_value
    if task.result() is not None:
TimeoutError: No connection after 3.0 seconds
No connection after 3.0 seconds
Traceback (most recent call last):
  File "/home/eatonadmin/.local/lib/python3.10/site-packages/nicegui/background_tasks.py", line 52, in _handle_task_result
    task.result()
  File "/home/eatonadmin/.local/lib/python3.10/site-packages/nicegui/page.py", line 125, in wait_for_result
    return await result
  File "/home/eatonadmin/swimrank/SwimRank/MainApp.py", line 613, in main_page
    await ui.context.client.connected()
  File "/home/eatonadmin/.local/lib/python3.10/site-packages/nicegui/client.py", line 175, in connected
    raise TimeoutError(f'No connection after {timeout} seconds')
TimeoutError: No connection after 3.0 seconds
Exception in callback <function page.__call__.<locals>.check_for_late_return_value at 0x72dc97148b80>
handle: <Handle page.__call__.<locals>.check_for_late_return_value>
Traceback (most recent call last):
  File "uvloop/cbhandles.pyx", line 63, in uvloop.loop.Handle._run
  File "/home/eatonadmin/.local/lib/python3.10/site-packages/nicegui/page.py", line 107, in check_for_late_return_value
    if task.result() is not None:
TimeoutError: No connection after 3.0 seconds
No connection after 3.0 seconds
Traceback (most recent call last):
  File "/home/eatonadmin/.local/lib/python3.10/site-packages/nicegui/background_tasks.py", line 52, in _handle_task_result
    task.result()
  File "/home/eatonadmin/.local/lib/python3.10/site-packages/nicegui/page.py", line 125, in wait_for_result
    return await result
  File "/home/eatonadmin/swimrank/SwimRank/MainApp.py", line 613, in main_page
    await ui.context.client.connected()
  File "/home/eatonadmin/.local/lib/python3.10/site-packages/nicegui/client.py", line 175, in connected
    raise TimeoutError(f'No connection after {timeout} seconds')
TimeoutError: No connection after 3.0 seconds
Exception in callback <function page.__call__.<locals>.check_for_late_return_value at 0x72dc97148b80>
handle: <Handle page.__call__.<locals>.check_for_late_return_value>
Traceback (most recent call last):
  File "uvloop/cbhandles.pyx", line 63, in uvloop.loop.Handle._run
  File "/home/eatonadmin/.local/lib/python3.10/site-packages/nicegui/page.py", line 107, in check_for_late_return_value
    if task.result() is not None:
TimeoutError: No connection after 3.0 seconds
No connection after 3.0 seconds
Traceback (most recent call last):
  File "/home/eatonadmin/.local/lib/python3.10/site-packages/nicegui/background_tasks.py", line 52, in _handle_task_result
    task.result()
  File "/home/eatonadmin/.local/lib/python3.10/site-packages/nicegui/page.py", line 125, in wait_for_result
    return await result
  File "/home/eatonadmin/swimrank/SwimRank/MainApp.py", line 613, in main_page
    await ui.context.client.connected()
  File "/home/eatonadmin/.local/lib/python3.10/site-packages/nicegui/client.py", line 175, in connected
    raise TimeoutError(f'No connection after {timeout} seconds')
TimeoutError: No connection after 3.0 seconds
Exception in callback <function page.__call__.<locals>.check_for_late_return_value at 0x72dc97148b80>
handle: <Handle page.__call__.<locals>.check_for_late_return_value>
Traceback (most recent call last):
  File "uvloop/cbhandles.pyx", line 63, in uvloop.loop.Handle._run
  File "/home/eatonadmin/.local/lib/python3.10/site-packages/nicegui/page.py", line 107, in check_for_late_return_value
    if task.result() is not None:
TimeoutError: No connection after 3.0 seconds
https://172.190.139.8/.git/config not found
No connection after 3.0 seconds
Traceback (most recent call last):
  File "/home/eatonadmin/.local/lib/python3.10/site-packages/nicegui/background_tasks.py", line 52, in _handle_task_result
    task.result()
  File "/home/eatonadmin/.local/lib/python3.10/site-packages/nicegui/page.py", line 125, in wait_for_result
    return await result
  File "/home/eatonadmin/swimrank/SwimRank/MainApp.py", line 613, in main_page
    await ui.context.client.connected()
  File "/home/eatonadmin/.local/lib/python3.10/site-packages/nicegui/client.py", line 175, in connected
    raise TimeoutError(f'No connection after {timeout} seconds')
TimeoutError: No connection after 3.0 seconds
Exception in callback <function page.__call__.<locals>.check_for_late_return_value at 0x72dc97148b80>
handle: <Handle page.__call__.<locals>.check_for_late_return_value>
Traceback (most recent call last):
  File "uvloop/cbhandles.pyx", line 63, in uvloop.loop.Handle._run
  File "/home/eatonadmin/.local/lib/python3.10/site-packages/nicegui/page.py", line 107, in check_for_late_return_value
    if task.result() is not None:
TimeoutError: No connection after 3.0 seconds
No connection after 3.0 seconds
Traceback (most recent call last):
  File "/home/eatonadmin/.local/lib/python3.10/site-packages/nicegui/background_tasks.py", line 52, in _handle_task_result
    task.result()
  File "/home/eatonadmin/.local/lib/python3.10/site-packages/nicegui/page.py", line 125, in wait_for_result
    return await result
  File "/home/eatonadmin/swimrank/SwimRank/MainApp.py", line 613, in main_page
    await ui.context.client.connected()
  File "/home/eatonadmin/.local/lib/python3.10/site-packages/nicegui/client.py", line 175, in connected
    raise TimeoutError(f'No connection after {timeout} seconds')
TimeoutError: No connection after 3.0 seconds
Exception in callback <function page.__call__.<locals>.check_for_late_return_value at 0x72dc97148b80>
handle: <Handle page.__call__.<locals>.check_for_late_return_value>
Traceback (most recent call last):
  File "uvloop/cbhandles.pyx", line 63, in uvloop.loop.Handle._run
  File "/home/eatonadmin/.local/lib/python3.10/site-packages/nicegui/page.py", line 107, in check_for_late_return_value
    if task.result() is not None:
TimeoutError: No connection after 3.0 seconds
No connection after 3.0 seconds
Traceback (most recent call last):
  File "/home/eatonadmin/.local/lib/python3.10/site-packages/nicegui/background_tasks.py", line 52, in _handle_task_result
    task.result()
  File "/home/eatonadmin/.local/lib/python3.10/site-packages/nicegui/page.py", line 125, in wait_for_result
    return await result
  File "/home/eatonadmin/swimrank/SwimRank/MainApp.py", line 613, in main_page
    await ui.context.client.connected()
  File "/home/eatonadmin/.local/lib/python3.10/site-packages/nicegui/client.py", line 175, in connected
    raise TimeoutError(f'No connection after {timeout} seconds')
TimeoutError: No connection after 3.0 seconds
Exception in callback <function page.__call__.<locals>.check_for_late_return_value at 0x72dc97148b80>
handle: <Handle page.__call__.<locals>.check_for_late_return_value>
Traceback (most recent call last):
  File "uvloop/cbhandles.pyx", line 63, in uvloop.loop.Handle._run
  File "/home/eatonadmin/.local/lib/python3.10/site-packages/nicegui/page.py", line 107, in check_for_late_return_value
    if task.result() is not None:
TimeoutError: No connection after 3.0 seconds
https://www.swimmingrank.org/css/support_parent.css not found
https://www.swimmingrank.org/js/twint_ch.js not found
No connection after 3.0 seconds
Traceback (most recent call last):
  File "/home/eatonadmin/.local/lib/python3.10/site-packages/nicegui/background_tasks.py", line 52, in _handle_task_result
    task.result()
  File "/home/eatonadmin/.local/lib/python3.10/site-packages/nicegui/page.py", line 125, in wait_for_result
    return await result
  File "/home/eatonadmin/swimrank/SwimRank/MainApp.py", line 613, in main_page
    await ui.context.client.connected()
  File "/home/eatonadmin/.local/lib/python3.10/site-packages/nicegui/client.py", line 175, in connected
    raise TimeoutError(f'No connection after {timeout} seconds')
TimeoutError: No connection after 3.0 seconds
Exception in callback <function page.__call__.<locals>.check_for_late_return_value at 0x72dc97148b80>
handle: <Handle page.__call__.<locals>.check_for_late_return_value>
Traceback (most recent call last):
  File "uvloop/cbhandles.pyx", line 63, in uvloop.loop.Handle._run
  File "/home/eatonadmin/.local/lib/python3.10/site-packages/nicegui/page.py", line 107, in check_for_late_return_value
    if task.result() is not None:
TimeoutError: No connection after 3.0 seconds
https://www.swimmingrank.org/js/lkk_ch.js not found
No connection after 3.0 seconds
Traceback (most recent call last):
  File "/home/eatonadmin/.local/lib/python3.10/site-packages/nicegui/background_tasks.py", line 52, in _handle_task_result
    task.result()
  File "/home/eatonadmin/.local/lib/python3.10/site-packages/nicegui/page.py", line 125, in wait_for_result
    return await result
  File "/home/eatonadmin/swimrank/SwimRank/MainApp.py", line 613, in main_page
    await ui.context.client.connected()
  File "/home/eatonadmin/.local/lib/python3.10/site-packages/nicegui/client.py", line 175, in connected
    raise TimeoutError(f'No connection after {timeout} seconds')
TimeoutError: No connection after 3.0 seconds
Exception in callback <function page.__call__.<locals>.check_for_late_return_value at 0x72dc97148b80>
handle: <Handle page.__call__.<locals>.check_for_late_return_value>
Traceback (most recent call last):
  File "uvloop/cbhandles.pyx", line 63, in uvloop.loop.Handle._run
  File "/home/eatonadmin/.local/lib/python3.10/site-packages/nicegui/page.py", line 107, in check_for_late_return_value
    if task.result() is not None:
TimeoutError: No connection after 3.0 seconds
No connection after 3.0 seconds
Traceback (most recent call last):
  File "/home/eatonadmin/.local/lib/python3.10/site-packages/nicegui/background_tasks.py", line 52, in _handle_task_result
    task.result()
  File "/home/eatonadmin/.local/lib/python3.10/site-packages/nicegui/page.py", line 125, in wait_for_result
    return await result
  File "/home/eatonadmin/swimrank/SwimRank/MainApp.py", line 613, in main_page
    await ui.context.client.connected()
  File "/home/eatonadmin/.local/lib/python3.10/site-packages/nicegui/client.py", line 175, in connected
    raise TimeoutError(f'No connection after {timeout} seconds')
TimeoutError: No connection after 3.0 seconds
Exception in callback <function page.__call__.<locals>.check_for_late_return_value at 0x72dc97148b80>
handle: <Handle page.__call__.<locals>.check_for_late_return_value>
Traceback (most recent call last):
  File "uvloop/cbhandles.pyx", line 63, in uvloop.loop.Handle._run
  File "/home/eatonadmin/.local/lib/python3.10/site-packages/nicegui/page.py", line 107, in check_for_late_return_value
    if task.result() is not None:
TimeoutError: No connection after 3.0 seconds
No connection after 3.0 seconds
Traceback (most recent call last):
  File "/home/eatonadmin/.local/lib/python3.10/site-packages/nicegui/background_tasks.py", line 52, in _handle_task_result
    task.result()
  File "/home/eatonadmin/.local/lib/python3.10/site-packages/nicegui/page.py", line 125, in wait_for_result
    return await result
  File "/home/eatonadmin/swimrank/SwimRank/MainApp.py", line 613, in main_page
    await ui.context.client.connected()
  File "/home/eatonadmin/.local/lib/python3.10/site-packages/nicegui/client.py", line 175, in connected
    raise TimeoutError(f'No connection after {timeout} seconds')
TimeoutError: No connection after 3.0 seconds
Exception in callback <function page.__call__.<locals>.check_for_late_return_value at 0x72dc97148b80>
handle: <Handle page.__call__.<locals>.check_for_late_return_value>
Traceback (most recent call last):
  File "uvloop/cbhandles.pyx", line 63, in uvloop.loop.Handle._run
  File "/home/eatonadmin/.local/lib/python3.10/site-packages/nicegui/page.py", line 107, in check_for_late_return_value
    if task.result() is not None:
TimeoutError: No connection after 3.0 seconds
No connection after 3.0 seconds
Traceback (most recent call last):
  File "/home/eatonadmin/.local/lib/python3.10/site-packages/nicegui/background_tasks.py", line 52, in _handle_task_result
    task.result()
  File "/home/eatonadmin/.local/lib/python3.10/site-packages/nicegui/page.py", line 125, in wait_for_result
    return await result
  File "/home/eatonadmin/swimrank/SwimRank/MainApp.py", line 613, in main_page
    await ui.context.client.connected()
  File "/home/eatonadmin/.local/lib/python3.10/site-packages/nicegui/client.py", line 175, in connected
    raise TimeoutError(f'No connection after {timeout} seconds')
TimeoutError: No connection after 3.0 seconds
Exception in callback <function page.__call__.<locals>.check_for_late_return_value at 0x72dc97148b80>
handle: <Handle page.__call__.<locals>.check_for_late_return_value>
Traceback (most recent call last):
  File "uvloop/cbhandles.pyx", line 63, in uvloop.loop.Handle._run
  File "/home/eatonadmin/.local/lib/python3.10/site-packages/nicegui/page.py", line 107, in check_for_late_return_value
    if task.result() is not None:
TimeoutError: No connection after 3.0 seconds
No connection after 3.0 seconds
Traceback (most recent call last):
  File "/home/eatonadmin/.local/lib/python3.10/site-packages/nicegui/background_tasks.py", line 52, in _handle_task_result
    task.result()
  File "/home/eatonadmin/.local/lib/python3.10/site-packages/nicegui/page.py", line 125, in wait_for_result
    return await result
  File "/home/eatonadmin/swimrank/SwimRank/MainApp.py", line 613, in main_page
    await ui.context.client.connected()
  File "/home/eatonadmin/.local/lib/python3.10/site-packages/nicegui/client.py", line 175, in connected
    raise TimeoutError(f'No connection after {timeout} seconds')
TimeoutError: No connection after 3.0 seconds
Exception in callback <function page.__call__.<locals>.check_for_late_return_value at 0x72dc97148b80>
handle: <Handle page.__call__.<locals>.check_for_late_return_value>
Traceback (most recent call last):
  File "uvloop/cbhandles.pyx", line 63, in uvloop.loop.Handle._run
  File "/home/eatonadmin/.local/lib/python3.10/site-packages/nicegui/page.py", line 107, in check_for_late_return_value
    if task.result() is not None:
TimeoutError: No connection after 3.0 seconds
No connection after 3.0 seconds
Traceback (most recent call last):
  File "/home/eatonadmin/.local/lib/python3.10/site-packages/nicegui/background_tasks.py", line 52, in _handle_task_result
    task.result()
  File "/home/eatonadmin/.local/lib/python3.10/site-packages/nicegui/page.py", line 125, in wait_for_result
    return await result
  File "/home/eatonadmin/swimrank/SwimRank/MainApp.py", line 613, in main_page
    await ui.context.client.connected()
  File "/home/eatonadmin/.local/lib/python3.10/site-packages/nicegui/client.py", line 175, in connected
    raise TimeoutError(f'No connection after {timeout} seconds')
TimeoutError: No connection after 3.0 seconds
Exception in callback <function page.__call__.<locals>.check_for_late_return_value at 0x72dc97148b80>
handle: <Handle page.__call__.<locals>.check_for_late_return_value>
Traceback (most recent call last):
  File "uvloop/cbhandles.pyx", line 63, in uvloop.loop.Handle._run
  File "/home/eatonadmin/.local/lib/python3.10/site-packages/nicegui/page.py", line 107, in check_for_late_return_value
    if task.result() is not None:
TimeoutError: No connection after 3.0 seconds
https://172.190.139.8/.git/config not found
No connection after 3.0 seconds
Traceback (most recent call last):
  File "/home/eatonadmin/.local/lib/python3.10/site-packages/nicegui/background_tasks.py", line 52, in _handle_task_result
    task.result()
  File "/home/eatonadmin/.local/lib/python3.10/site-packages/nicegui/page.py", line 125, in wait_for_result
    return await result
  File "/home/eatonadmin/swimrank/SwimRank/MainApp.py", line 613, in main_page
    await ui.context.client.connected()
  File "/home/eatonadmin/.local/lib/python3.10/site-packages/nicegui/client.py", line 175, in connected
    raise TimeoutError(f'No connection after {timeout} seconds')
TimeoutError: No connection after 3.0 seconds
Exception in callback <function page.__call__.<locals>.check_for_late_return_value at 0x72dc97148b80>
handle: <Handle page.__call__.<locals>.check_for_late_return_value>
Traceback (most recent call last):
  File "uvloop/cbhandles.pyx", line 63, in uvloop.loop.Handle._run
  File "/home/eatonadmin/.local/lib/python3.10/site-packages/nicegui/page.py", line 107, in check_for_late_return_value
    if task.result() is not None:
TimeoutError: No connection after 3.0 seconds
https://www.swimmingrank.org/admin/serverConfig.json not found
https://www.swimmingrank.org/robots.txt not found
https://www.swimmingrank.org/.git/config not found
https://172.190.139.8/robots.txt not found
No connection after 3.0 seconds
Traceback (most recent call last):
  File "/home/eatonadmin/.local/lib/python3.10/site-packages/nicegui/background_tasks.py", line 52, in _handle_task_result
    task.result()
  File "/home/eatonadmin/.local/lib/python3.10/site-packages/nicegui/page.py", line 125, in wait_for_result
    return await result
  File "/home/eatonadmin/swimrank/SwimRank/MainApp.py", line 613, in main_page
    await ui.context.client.connected()
  File "/home/eatonadmin/.local/lib/python3.10/site-packages/nicegui/client.py", line 175, in connected
    raise TimeoutError(f'No connection after {timeout} seconds')
TimeoutError: No connection after 3.0 seconds
Exception in callback <function page.__call__.<locals>.check_for_late_return_value at 0x72dc97148b80>
handle: <Handle page.__call__.<locals>.check_for_late_return_value>
Traceback (most recent call last):
  File "uvloop/cbhandles.pyx", line 63, in uvloop.loop.Handle._run
  File "/home/eatonadmin/.local/lib/python3.10/site-packages/nicegui/page.py", line 107, in check_for_late_return_value
    if task.result() is not None:
TimeoutError: No connection after 3.0 seconds
No connection after 3.0 seconds
Traceback (most recent call last):
  File "/home/eatonadmin/.local/lib/python3.10/site-packages/nicegui/background_tasks.py", line 52, in _handle_task_result
    task.result()
  File "/home/eatonadmin/.local/lib/python3.10/site-packages/nicegui/page.py", line 125, in wait_for_result
    return await result
  File "/home/eatonadmin/swimrank/SwimRank/MainApp.py", line 613, in main_page
    await ui.context.client.connected()
  File "/home/eatonadmin/.local/lib/python3.10/site-packages/nicegui/client.py", line 175, in connected
    raise TimeoutError(f'No connection after {timeout} seconds')
TimeoutError: No connection after 3.0 seconds
Exception in callback <function page.__call__.<locals>.check_for_late_return_value at 0x72dc97148b80>
handle: <Handle page.__call__.<locals>.check_for_late_return_value>
Traceback (most recent call last):
  File "uvloop/cbhandles.pyx", line 63, in uvloop.loop.Handle._run
  File "/home/eatonadmin/.local/lib/python3.10/site-packages/nicegui/page.py", line 107, in check_for_late_return_value
    if task.result() is not None:
TimeoutError: No connection after 3.0 seconds
WARNING:  WatchFiles detected changes in 'MainApp.py'. Reloading...
NiceGUI ready to go on http://localhost:8080, and http://10.201.75.248:8080
No connection after 3.0 seconds
Traceback (most recent call last):
  File "/home/eatonadmin/.local/lib/python3.10/site-packages/nicegui/background_tasks.py", line 52, in _handle_task_result
    task.result()
  File "/home/eatonadmin/.local/lib/python3.10/site-packages/nicegui/page.py", line 125, in wait_for_result
    return await result
  File "/home/eatonadmin/swimrank/SwimRank/MainApp.py", line 538, in graph_page
    await ui.context.client.connected()
  File "/home/eatonadmin/.local/lib/python3.10/site-packages/nicegui/client.py", line 175, in connected
    raise TimeoutError(f'No connection after {timeout} seconds')
TimeoutError: No connection after 3.0 seconds
Exception in callback <function page.__call__.<locals>.check_for_late_return_value at 0x7fe842febac0>
handle: <Handle page.__call__.<locals>.check_for_late_return_value>
Traceback (most recent call last):
  File "uvloop/cbhandles.pyx", line 63, in uvloop.loop.Handle._run
  File "/home/eatonadmin/.local/lib/python3.10/site-packages/nicegui/page.py", line 107, in check_for_late_return_value
    if task.result() is not None:
TimeoutError: No connection after 3.0 seconds
'person'
Traceback (most recent call last):
  File "/home/eatonadmin/.local/lib/python3.10/site-packages/nicegui/background_tasks.py", line 52, in _handle_task_result
    task.result()
  File "/home/eatonadmin/.local/lib/python3.10/site-packages/nicegui/page.py", line 125, in wait_for_result
    return await result
  File "/home/eatonadmin/swimrank/SwimRank/MainApp.py", line 541, in graph_page
    name = session['person']['Name']
KeyError: 'person'
Exception in callback <function page.__call__.<locals>.check_for_late_return_value at 0x7fe842febac0>
handle: <Handle page.__call__.<locals>.check_for_late_return_value>
Traceback (most recent call last):
  File "uvloop/cbhandles.pyx", line 63, in uvloop.loop.Handle._run
  File "/home/eatonadmin/.local/lib/python3.10/site-packages/nicegui/page.py", line 107, in check_for_late_return_value
    if task.result() is not None:
KeyError: 'person'
No connection after 3.0 seconds
Traceback (most recent call last):
  File "/home/eatonadmin/.local/lib/python3.10/site-packages/nicegui/background_tasks.py", line 52, in _handle_task_result
    task.result()
  File "/home/eatonadmin/.local/lib/python3.10/site-packages/nicegui/page.py", line 125, in wait_for_result
    return await result
  File "/home/eatonadmin/swimrank/SwimRank/MainApp.py", line 613, in main_page
    await ui.context.client.connected()
  File "/home/eatonadmin/.local/lib/python3.10/site-packages/nicegui/client.py", line 175, in connected
    raise TimeoutError(f'No connection after {timeout} seconds')
TimeoutError: No connection after 3.0 seconds
Exception in callback <function page.__call__.<locals>.check_for_late_return_value at 0x7fe850650b80>
handle: <Handle page.__call__.<locals>.check_for_late_return_value>
Traceback (most recent call last):
  File "uvloop/cbhandles.pyx", line 63, in uvloop.loop.Handle._run
  File "/home/eatonadmin/.local/lib/python3.10/site-packages/nicegui/page.py", line 107, in check_for_late_return_value
    if task.result() is not None:
TimeoutError: No connection after 3.0 seconds
Columns must be same length as key
Traceback (most recent call last):
  File "/home/eatonadmin/.local/lib/python3.10/site-packages/nicegui/background_tasks.py", line 52, in _handle_task_result
    task.result()
  File "/home/eatonadmin/.local/lib/python3.10/site-packages/nicegui/page.py", line 125, in wait_for_result
    return await result
  File "/home/eatonadmin/swimrank/SwimRank/MainApp.py", line 828, in rankings_page
    temp['SwimTime'] = temp.apply(lambda row: convert_timedelta(row['SwimTime']), axis=1)
  File "/home/eatonadmin/.local/lib/python3.10/site-packages/pandas/core/frame.py", line 4301, in __setitem__
    self._set_item_frame_value(key, value)
  File "/home/eatonadmin/.local/lib/python3.10/site-packages/pandas/core/frame.py", line 4429, in _set_item_frame_value
    raise ValueError("Columns must be same length as key")
ValueError: Columns must be same length as key
Exception in callback <function page.__call__.<locals>.check_for_late_return_value at 0x7fe842fe0790>
handle: <Handle page.__call__.<locals>.check_for_late_return_value>
Traceback (most recent call last):
  File "uvloop/cbhandles.pyx", line 63, in uvloop.loop.Handle._run
  File "/home/eatonadmin/.local/lib/python3.10/site-packages/nicegui/page.py", line 107, in check_for_late_return_value
    if task.result() is not None:
ValueError: Columns must be same length as key
Columns must be same length as key
Traceback (most recent call last):
  File "/home/eatonadmin/.local/lib/python3.10/site-packages/nicegui/background_tasks.py", line 52, in _handle_task_result
    task.result()
  File "/home/eatonadmin/.local/lib/python3.10/site-packages/nicegui/page.py", line 125, in wait_for_result
    return await result
  File "/home/eatonadmin/swimrank/SwimRank/MainApp.py", line 828, in rankings_page
    temp['SwimTime'] = temp.apply(lambda row: convert_timedelta(row['SwimTime']), axis=1)
  File "/home/eatonadmin/.local/lib/python3.10/site-packages/pandas/core/frame.py", line 4301, in __setitem__
    self._set_item_frame_value(key, value)
  File "/home/eatonadmin/.local/lib/python3.10/site-packages/pandas/core/frame.py", line 4429, in _set_item_frame_value
    raise ValueError("Columns must be same length as key")
ValueError: Columns must be same length as key
Exception in callback <function page.__call__.<locals>.check_for_late_return_value at 0x7fe842fe0790>
handle: <Handle page.__call__.<locals>.check_for_late_return_value>
Traceback (most recent call last):
  File "uvloop/cbhandles.pyx", line 63, in uvloop.loop.Handle._run
  File "/home/eatonadmin/.local/lib/python3.10/site-packages/nicegui/page.py", line 107, in check_for_late_return_value
    if task.result() is not None:
ValueError: Columns must be same length as key
Columns must be same length as key
Traceback (most recent call last):
  File "/home/eatonadmin/.local/lib/python3.10/site-packages/nicegui/background_tasks.py", line 52, in _handle_task_result
    task.result()
  File "/home/eatonadmin/.local/lib/python3.10/site-packages/nicegui/page.py", line 125, in wait_for_result
    return await result
  File "/home/eatonadmin/swimrank/SwimRank/MainApp.py", line 828, in rankings_page
    temp['SwimTime'] = temp.apply(lambda row: convert_timedelta(row['SwimTime']), axis=1)
  File "/home/eatonadmin/.local/lib/python3.10/site-packages/pandas/core/frame.py", line 4301, in __setitem__
    self._set_item_frame_value(key, value)
  File "/home/eatonadmin/.local/lib/python3.10/site-packages/pandas/core/frame.py", line 4429, in _set_item_frame_value
    raise ValueError("Columns must be same length as key")
ValueError: Columns must be same length as key
Exception in callback <function page.__call__.<locals>.check_for_late_return_value at 0x7fe842fe0790>
handle: <Handle page.__call__.<locals>.check_for_late_return_value>
Traceback (most recent call last):
  File "uvloop/cbhandles.pyx", line 63, in uvloop.loop.Handle._run
  File "/home/eatonadmin/.local/lib/python3.10/site-packages/nicegui/page.py", line 107, in check_for_late_return_value
    if task.result() is not None:
ValueError: Columns must be same length as key
No connection after 3.0 seconds
Traceback (most recent call last):
  File "/home/eatonadmin/.local/lib/python3.10/site-packages/nicegui/background_tasks.py", line 52, in _handle_task_result
    task.result()
  File "/home/eatonadmin/.local/lib/python3.10/site-packages/nicegui/page.py", line 125, in wait_for_result
    return await result
  File "/home/eatonadmin/swimrank/SwimRank/MainApp.py", line 613, in main_page
    await ui.context.client.connected()
  File "/home/eatonadmin/.local/lib/python3.10/site-packages/nicegui/client.py", line 175, in connected
    raise TimeoutError(f'No connection after {timeout} seconds')
TimeoutError: No connection after 3.0 seconds
Exception in callback <function page.__call__.<locals>.check_for_late_return_value at 0x7fe850650b80>
handle: <Handle page.__call__.<locals>.check_for_late_return_value>
Traceback (most recent call last):
  File "uvloop/cbhandles.pyx", line 63, in uvloop.loop.Handle._run
  File "/home/eatonadmin/.local/lib/python3.10/site-packages/nicegui/page.py", line 107, in check_for_late_return_value
    if task.result() is not None:
TimeoutError: No connection after 3.0 seconds
https://172.190.139.8/.well-known/security.txt not found
No connection after 3.0 seconds
Traceback (most recent call last):
  File "/home/eatonadmin/.local/lib/python3.10/site-packages/nicegui/background_tasks.py", line 52, in _handle_task_result
    task.result()
  File "/home/eatonadmin/.local/lib/python3.10/site-packages/nicegui/page.py", line 125, in wait_for_result
    return await result
  File "/home/eatonadmin/swimrank/SwimRank/MainApp.py", line 613, in main_page
    await ui.context.client.connected()
  File "/home/eatonadmin/.local/lib/python3.10/site-packages/nicegui/client.py", line 175, in connected
    raise TimeoutError(f'No connection after {timeout} seconds')
TimeoutError: No connection after 3.0 seconds
Exception in callback <function page.__call__.<locals>.check_for_late_return_value at 0x7fe850650b80>
handle: <Handle page.__call__.<locals>.check_for_late_return_value>
Traceback (most recent call last):
  File "uvloop/cbhandles.pyx", line 63, in uvloop.loop.Handle._run
  File "/home/eatonadmin/.local/lib/python3.10/site-packages/nicegui/page.py", line 107, in check_for_late_return_value
    if task.result() is not None:
TimeoutError: No connection after 3.0 seconds
division by zero
Traceback (most recent call last):
  File "/home/eatonadmin/.local/lib/python3.10/site-packages/nicegui/background_tasks.py", line 52, in _handle_task_result
    task.result()
  File "/home/eatonadmin/.local/lib/python3.10/site-packages/nicegui/page.py", line 125, in wait_for_result
    return await result
  File "/home/eatonadmin/swimrank/SwimRank/MainApp.py", line 609, in graph_page
    await display_event_data(first_non_empty_event, first_non_empty_event_df)
  File "/home/eatonadmin/swimrank/SwimRank/MainApp.py", line 500, in display_event_data
    await update_ncaa_comparison_table(e)
  File "/home/eatonadmin/swimrank/SwimRank/MainApp.py", line 399, in update_ncaa_comparison_table
    session['ncaa_comparisons'] = await fetch_ncaa_comp_data(str_to_timedelta(session['current_event_besttime'].strip('r')).total_seconds(), session['person']['Sex'], event)
  File "/home/eatonadmin/swimrank/SwimRank/MainApp.py", line 241, in fetch_ncaa_comp_data
    rows = await con.fetch(query)
  File "/home/eatonadmin/.local/lib/python3.10/site-packages/asyncpg/connection.py", line 690, in fetch
    return await self._execute(
  File "/home/eatonadmin/.local/lib/python3.10/site-packages/asyncpg/connection.py", line 1864, in _execute
    result, _ = await self.__execute(
  File "/home/eatonadmin/.local/lib/python3.10/site-packages/asyncpg/connection.py", line 1961, in __execute
    result, stmt = await self._do_execute(
  File "/home/eatonadmin/.local/lib/python3.10/site-packages/asyncpg/connection.py", line 2024, in _do_execute
    result = await executor(stmt, None)
  File "asyncpg/protocol/protocol.pyx", line 206, in bind_execute
asyncpg.exceptions.DivisionByZeroError: division by zero
Exception in callback <function page.__call__.<locals>.check_for_late_return_value at 0x7fe842febac0>
handle: <Handle page.__call__.<locals>.check_for_late_return_value>
Traceback (most recent call last):
  File "uvloop/cbhandles.pyx", line 63, in uvloop.loop.Handle._run
  File "/home/eatonadmin/.local/lib/python3.10/site-packages/nicegui/page.py", line 107, in check_for_late_return_value
    if task.result() is not None:
asyncpg.exceptions.DivisionByZeroError: division by zero
No connection after 3.0 seconds
Traceback (most recent call last):
  File "/home/eatonadmin/.local/lib/python3.10/site-packages/nicegui/background_tasks.py", line 52, in _handle_task_result
    task.result()
  File "/home/eatonadmin/.local/lib/python3.10/site-packages/nicegui/page.py", line 125, in wait_for_result
    return await result
  File "/home/eatonadmin/swimrank/SwimRank/MainApp.py", line 613, in main_page
    await ui.context.client.connected()
  File "/home/eatonadmin/.local/lib/python3.10/site-packages/nicegui/client.py", line 175, in connected
    raise TimeoutError(f'No connection after {timeout} seconds')
TimeoutError: No connection after 3.0 seconds
Exception in callback <function page.__call__.<locals>.check_for_late_return_value at 0x7fe850650b80>
handle: <Handle page.__call__.<locals>.check_for_late_return_value>
Traceback (most recent call last):
  File "uvloop/cbhandles.pyx", line 63, in uvloop.loop.Handle._run
  File "/home/eatonadmin/.local/lib/python3.10/site-packages/nicegui/page.py", line 107, in check_for_late_return_value
    if task.result() is not None:
TimeoutError: No connection after 3.0 seconds
No connection after 3.0 seconds
Traceback (most recent call last):
  File "/home/eatonadmin/.local/lib/python3.10/site-packages/nicegui/background_tasks.py", line 52, in _handle_task_result
    task.result()
  File "/home/eatonadmin/.local/lib/python3.10/site-packages/nicegui/page.py", line 125, in wait_for_result
    return await result
  File "/home/eatonadmin/swimrank/SwimRank/MainApp.py", line 613, in main_page
    await ui.context.client.connected()
  File "/home/eatonadmin/.local/lib/python3.10/site-packages/nicegui/client.py", line 175, in connected
    raise TimeoutError(f'No connection after {timeout} seconds')
TimeoutError: No connection after 3.0 seconds
Exception in callback <function page.__call__.<locals>.check_for_late_return_value at 0x7fe850650b80>
handle: <Handle page.__call__.<locals>.check_for_late_return_value>
Traceback (most recent call last):
  File "uvloop/cbhandles.pyx", line 63, in uvloop.loop.Handle._run
  File "/home/eatonadmin/.local/lib/python3.10/site-packages/nicegui/page.py", line 107, in check_for_late_return_value
    if task.result() is not None:
TimeoutError: No connection after 3.0 seconds
Columns must be same length as key
Traceback (most recent call last):
  File "/home/eatonadmin/.local/lib/python3.10/site-packages/nicegui/background_tasks.py", line 52, in _handle_task_result
    task.result()
  File "/home/eatonadmin/.local/lib/python3.10/site-packages/nicegui/page.py", line 125, in wait_for_result
    return await result
  File "/home/eatonadmin/swimrank/SwimRank/MainApp.py", line 828, in rankings_page
    temp['SwimTime'] = temp.apply(lambda row: convert_timedelta(row['SwimTime']), axis=1)
  File "/home/eatonadmin/.local/lib/python3.10/site-packages/pandas/core/frame.py", line 4301, in __setitem__
    self._set_item_frame_value(key, value)
  File "/home/eatonadmin/.local/lib/python3.10/site-packages/pandas/core/frame.py", line 4429, in _set_item_frame_value
    raise ValueError("Columns must be same length as key")
ValueError: Columns must be same length as key
Exception in callback <function page.__call__.<locals>.check_for_late_return_value at 0x7fe842fe0790>
handle: <Handle page.__call__.<locals>.check_for_late_return_value>
Traceback (most recent call last):
  File "uvloop/cbhandles.pyx", line 63, in uvloop.loop.Handle._run
  File "/home/eatonadmin/.local/lib/python3.10/site-packages/nicegui/page.py", line 107, in check_for_late_return_value
    if task.result() is not None:
ValueError: Columns must be same length as key
https://www.swimmingrank.org/js/twint_ch.js not found
No connection after 3.0 seconds
Traceback (most recent call last):
  File "/home/eatonadmin/.local/lib/python3.10/site-packages/nicegui/background_tasks.py", line 52, in _handle_task_result
    task.result()
  File "/home/eatonadmin/.local/lib/python3.10/site-packages/nicegui/page.py", line 125, in wait_for_result
    return await result
  File "/home/eatonadmin/swimrank/SwimRank/MainApp.py", line 613, in main_page
    await ui.context.client.connected()
  File "/home/eatonadmin/.local/lib/python3.10/site-packages/nicegui/client.py", line 175, in connected
    raise TimeoutError(f'No connection after {timeout} seconds')
TimeoutError: No connection after 3.0 seconds
Exception in callback <function page.__call__.<locals>.check_for_late_return_value at 0x7fe850650b80>
handle: <Handle page.__call__.<locals>.check_for_late_return_value>
Traceback (most recent call last):
  File "uvloop/cbhandles.pyx", line 63, in uvloop.loop.Handle._run
  File "/home/eatonadmin/.local/lib/python3.10/site-packages/nicegui/page.py", line 107, in check_for_late_return_value
    if task.result() is not None:
TimeoutError: No connection after 3.0 seconds
https://www.swimmingrank.org/css/support_parent.css not found
https://www.swimmingrank.org/js/lkk_ch.js not found
WARNING:  WatchFiles detected changes in 'MainApp.py'. Reloading...
NiceGUI ready to go on http://localhost:8080, and http://10.201.75.248:8080
Found top level layout element "Header" inside element "Column". Top level layout elements can not be nested but must be direct children of the page content.
Traceback (most recent call last):
  File "/home/eatonadmin/.local/lib/python3.10/site-packages/nicegui/background_tasks.py", line 52, in _handle_task_result
    task.result()
  File "/home/eatonadmin/.local/lib/python3.10/site-packages/nicegui/page.py", line 125, in wait_for_result
    return await result
  File "/home/eatonadmin/swimrank/SwimRank/MainApp.py", line 618, in main_page
    navbar()
  File "/home/eatonadmin/swimrank/SwimRank/MainApp.py", line 26, in navbar
    with ui.header().classes(f'w-full {bg_color} py-4 justify-center items-center flex-wrap md:flex-nowrap shadow-sm'):
  File "/home/eatonadmin/.local/lib/python3.10/site-packages/nicegui/page_layout.py", line 48, in __init__
    _check_current_slot(self)
  File "/home/eatonadmin/.local/lib/python3.10/site-packages/nicegui/page_layout.py", line 290, in _check_current_slot
    raise RuntimeError(f'Found top level layout element "{element.__class__.__name__}" inside element "{parent.__class__.__name__}". '
RuntimeError: Found top level layout element "Header" inside element "Column". Top level layout elements can not be nested but must be direct children of the page content.
Exception in callback <function page.__call__.<locals>.check_for_late_return_value at 0x7b255fe10b80>
handle: <Handle page.__call__.<locals>.check_for_late_return_value>
Traceback (most recent call last):
  File "uvloop/cbhandles.pyx", line 63, in uvloop.loop.Handle._run
  File "/home/eatonadmin/.local/lib/python3.10/site-packages/nicegui/page.py", line 107, in check_for_late_return_value
    if task.result() is not None:
RuntimeError: Found top level layout element "Header" inside element "Column". Top level layout elements can not be nested but must be direct children of the page content.
No connection after 3.0 seconds
Traceback (most recent call last):
  File "/home/eatonadmin/.local/lib/python3.10/site-packages/nicegui/background_tasks.py", line 52, in _handle_task_result
    task.result()
  File "/home/eatonadmin/.local/lib/python3.10/site-packages/nicegui/page.py", line 125, in wait_for_result
    return await result
  File "/home/eatonadmin/swimrank/SwimRank/MainApp.py", line 613, in main_page
    await ui.context.client.connected()
  File "/home/eatonadmin/.local/lib/python3.10/site-packages/nicegui/client.py", line 175, in connected
    raise TimeoutError(f'No connection after {timeout} seconds')
TimeoutError: No connection after 3.0 seconds
Exception in callback <function page.__call__.<locals>.check_for_late_return_value at 0x7b255fe10b80>
handle: <Handle page.__call__.<locals>.check_for_late_return_value>
Traceback (most recent call last):
  File "uvloop/cbhandles.pyx", line 63, in uvloop.loop.Handle._run
  File "/home/eatonadmin/.local/lib/python3.10/site-packages/nicegui/page.py", line 107, in check_for_late_return_value
    if task.result() is not None:
TimeoutError: No connection after 3.0 seconds
Found top level layout element "Header" inside element "Column". Top level layout elements can not be nested but must be direct children of the page content.
Traceback (most recent call last):
  File "/home/eatonadmin/.local/lib/python3.10/site-packages/nicegui/background_tasks.py", line 52, in _handle_task_result
    task.result()
  File "/home/eatonadmin/.local/lib/python3.10/site-packages/nicegui/page.py", line 125, in wait_for_result
    return await result
  File "/home/eatonadmin/swimrank/SwimRank/MainApp.py", line 618, in main_page
    navbar()
  File "/home/eatonadmin/swimrank/SwimRank/MainApp.py", line 26, in navbar
    with ui.header().classes(f'w-full {bg_color} py-4 justify-center items-center flex-wrap md:flex-nowrap shadow-sm'):
  File "/home/eatonadmin/.local/lib/python3.10/site-packages/nicegui/page_layout.py", line 48, in __init__
    _check_current_slot(self)
  File "/home/eatonadmin/.local/lib/python3.10/site-packages/nicegui/page_layout.py", line 290, in _check_current_slot
    raise RuntimeError(f'Found top level layout element "{element.__class__.__name__}" inside element "{parent.__class__.__name__}". '
RuntimeError: Found top level layout element "Header" inside element "Column". Top level layout elements can not be nested but must be direct children of the page content.
Exception in callback <function page.__call__.<locals>.check_for_late_return_value at 0x7b255fe10b80>
handle: <Handle page.__call__.<locals>.check_for_late_return_value>
Traceback (most recent call last):
  File "uvloop/cbhandles.pyx", line 63, in uvloop.loop.Handle._run
  File "/home/eatonadmin/.local/lib/python3.10/site-packages/nicegui/page.py", line 107, in check_for_late_return_value
    if task.result() is not None:
RuntimeError: Found top level layout element "Header" inside element "Column". Top level layout elements can not be nested but must be direct children of the page content.
Found top level layout element "Header" inside element "Column". Top level layout elements can not be nested but must be direct children of the page content.
Traceback (most recent call last):
  File "/home/eatonadmin/.local/lib/python3.10/site-packages/nicegui/background_tasks.py", line 52, in _handle_task_result
    task.result()
  File "/home/eatonadmin/.local/lib/python3.10/site-packages/nicegui/page.py", line 125, in wait_for_result
    return await result
  File "/home/eatonadmin/swimrank/SwimRank/MainApp.py", line 618, in main_page
    navbar()
  File "/home/eatonadmin/swimrank/SwimRank/MainApp.py", line 26, in navbar
    with ui.header().classes(f'w-full {bg_color} py-4 justify-center items-center flex-wrap md:flex-nowrap shadow-sm'):
  File "/home/eatonadmin/.local/lib/python3.10/site-packages/nicegui/page_layout.py", line 48, in __init__
    _check_current_slot(self)
  File "/home/eatonadmin/.local/lib/python3.10/site-packages/nicegui/page_layout.py", line 290, in _check_current_slot
    raise RuntimeError(f'Found top level layout element "{element.__class__.__name__}" inside element "{parent.__class__.__name__}". '
RuntimeError: Found top level layout element "Header" inside element "Column". Top level layout elements can not be nested but must be direct children of the page content.
Exception in callback <function page.__call__.<locals>.check_for_late_return_value at 0x7b255fe10b80>
handle: <Handle page.__call__.<locals>.check_for_late_return_value>
Traceback (most recent call last):
  File "uvloop/cbhandles.pyx", line 63, in uvloop.loop.Handle._run
  File "/home/eatonadmin/.local/lib/python3.10/site-packages/nicegui/page.py", line 107, in check_for_late_return_value
    if task.result() is not None:
RuntimeError: Found top level layout element "Header" inside element "Column". Top level layout elements can not be nested but must be direct children of the page content.
Found top level layout element "Header" inside element "Column". Top level layout elements can not be nested but must be direct children of the page content.
Traceback (most recent call last):
  File "/home/eatonadmin/.local/lib/python3.10/site-packages/nicegui/background_tasks.py", line 52, in _handle_task_result
    task.result()
  File "/home/eatonadmin/.local/lib/python3.10/site-packages/nicegui/page.py", line 125, in wait_for_result
    return await result
  File "/home/eatonadmin/swimrank/SwimRank/MainApp.py", line 618, in main_page
    navbar()
  File "/home/eatonadmin/swimrank/SwimRank/MainApp.py", line 26, in navbar
    with ui.header().classes(f'w-full {bg_color} py-4 justify-center items-center flex-wrap md:flex-nowrap shadow-sm'):
  File "/home/eatonadmin/.local/lib/python3.10/site-packages/nicegui/page_layout.py", line 48, in __init__
    _check_current_slot(self)
  File "/home/eatonadmin/.local/lib/python3.10/site-packages/nicegui/page_layout.py", line 290, in _check_current_slot
    raise RuntimeError(f'Found top level layout element "{element.__class__.__name__}" inside element "{parent.__class__.__name__}". '
RuntimeError: Found top level layout element "Header" inside element "Column". Top level layout elements can not be nested but must be direct children of the page content.
Exception in callback <function page.__call__.<locals>.check_for_late_return_value at 0x7b255fe10b80>
handle: <Handle page.__call__.<locals>.check_for_late_return_value>
Traceback (most recent call last):
  File "uvloop/cbhandles.pyx", line 63, in uvloop.loop.Handle._run
  File "/home/eatonadmin/.local/lib/python3.10/site-packages/nicegui/page.py", line 107, in check_for_late_return_value
    if task.result() is not None:
RuntimeError: Found top level layout element "Header" inside element "Column". Top level layout elements can not be nested but must be direct children of the page content.
No connection after 3.0 seconds
Traceback (most recent call last):
  File "/home/eatonadmin/.local/lib/python3.10/site-packages/nicegui/background_tasks.py", line 52, in _handle_task_result
    task.result()
  File "/home/eatonadmin/.local/lib/python3.10/site-packages/nicegui/page.py", line 125, in wait_for_result
    return await result
  File "/home/eatonadmin/swimrank/SwimRank/MainApp.py", line 613, in main_page
    await ui.context.client.connected()
  File "/home/eatonadmin/.local/lib/python3.10/site-packages/nicegui/client.py", line 175, in connected
    raise TimeoutError(f'No connection after {timeout} seconds')
TimeoutError: No connection after 3.0 seconds
Exception in callback <function page.__call__.<locals>.check_for_late_return_value at 0x7b255fe10b80>
handle: <Handle page.__call__.<locals>.check_for_late_return_value>
Traceback (most recent call last):
  File "uvloop/cbhandles.pyx", line 63, in uvloop.loop.Handle._run
  File "/home/eatonadmin/.local/lib/python3.10/site-packages/nicegui/page.py", line 107, in check_for_late_return_value
    if task.result() is not None:
TimeoutError: No connection after 3.0 seconds
